Issue_Date,Maturity_Date
2013,2023
2013,2049
2013,2022
2013,2025
2013,2049
2013,2049
2013,2024
2013,2023
2013,2020
2013,2020
2013,2020
2013,2019
2013,2049
2013,2049
2013,2016
2013,2043
2013,2018
2013,2020
2013,2021
2013,2021
2013,2020
2013,2020
2014,2049
2013,2049
2013,2021
2013,2017
2013,2063
2013,2025
2014,2054
2013,2016
2013,2018
2014,2019
2014,2021
2014,2024
2014,2021
2014,2019
2014,2022
2014,2021
2014,2026
2014,2024
2014,2049
2014,2049
2014,2049
2014,2034
2014,2019
2014,2022
2014,2049
2014,2034
2014,2019
2014,2024
2014,2074
2014,2022
2014,2034
2014,2021
2014,2024
2014,2021
2014,2025
2014,2024
2014,2026
2014,2021
2014,2026
2014,2021
2014,2032
2014,2029
2014,2049
2014,2049
2014,2049
2014,2049
2014,2049
2014,2022
2014,2019
2014,2076
2014,2019
2014,2049
2014,2021
2014,2018
2014,2049
2014,2019
2014,2021
2014,2026
2014,2017
2014,2021
2014,2049
2014,2021
2014,2026
2014,2021
2014,2019
2014,2019
2014,2022
2014,2019
2014,2049
2014,2024
2014,2017
2014,2024
2014,2021
2014,2019
2014,2019
2014,2022
2014,2044
2014,2026
2014,2026
2014,2026
2014,2019
2014,2017
2014,2019
2014,2021
2014,2021
2014,2022
2014,2019
2014,2049
2014,2019
2014,2049
2014,2049
2014,2049
2014,2024
2014,2026
2014,2021
2014,2049
2014,2021
2014,2026
2014,2024
2014,2021
2014,2034
2014,2024
2014,2029
2014,2019
2014,2049
2014,2019
2014,2017
2014,2064
2014,2021
2014,2022
2014,2022
2014,2019
2014,2029
2014,2044
2014,2020
2014,2021
2014,2020
2014,2022
2014,2020
2014,2021
2014,2022
2014,2019
2014,2022
2014,2024
2014,2019
2014,2049
2014,2021
2014,2019
2014,2021
2014,2026
2014,2074
2014,2020
2014,2025
2014,2049
2014,2024
2014,2022
2014,2049
2014,2022
2014,2026
2014,2024
2014,2024
2014,2021
2014,2024
2014,2049
2014,2049
2014,2049
2014,2024
2014,2022
2015,2022
2015,2027
2015,2022
2015,2025
2014,2045
2014,2027
2014,2024
2014,2019
2014,2019
2014,2021
2014,2049
2014,2049
2014,2026
2014,2020
2014,2020
2014,2049
2014,2022
2014,2029
2014,2020
2014,2024
2014,2049
2014,2034
2014,2025
2014,2023
2014,2025
2014,2021
2014,2017
2014,2044
2014,2049
2014,2078
2014,2023
2014,2074
2014,2049
2014,2049
2015,2025
2015,2022
2015,2023
2015,2030
2015,2025
2015,2020
2015,2022
2015,2023
2015,2025
2015,2025
2015,2022
2015,2023
2015,2022
2015,2025
2015,2022
2015,2022
2015,2027
2015,2025
2015,2049
2015,2025
2015,2025
2015,2020
2015,2049
2015,2025
2015,2025
2015,2049
2015,2049
2015,2023
2015,2022
2015,2049
2015,2049
2015,2049
2015,2020
2015,2023
2015,2025
2015,2023
2015,2035
2015,2027
2015,2049
2015,2022
2015,2027
2015,2027
2015,2035
2015,2020
2015,2025
2015,2027
2015,2027
2015,2023
2015,2018
2015,2023
2015,2027
2015,2035
2015,2020
2015,2025
2015,2049
2015,2022
2015,2020
2015,2025
2015,2019
2015,2023
2015,2027
2015,2045
2015,2025
2015,2022
2015,2027
2015,2022
2015,2077
2015,2030
2015,2049
2015,2049
2015,2025
2015,2030
2015,2049
2015,2023
2015,2049
2015,2020
2015,2022
2015,2025
2015,2049
2015,2023
2015,2021
2015,2075
2015,2076
2015,2025
2015,2018
2015,2020
2015,2025
2015,2020
2015,2020
2015,2075
2015,2075
2015,2027
2015,2025
2015,2020
2015,2025
2015,2022
2015,2022
2015,2075
2015,2023
2015,2027
2015,2027
2015,2049
2015,2022
2015,2023
2015,2022
2015,2025
2015,2035
2015,2021
2015,2020
2015,2023
2015,2030
2015,2023
2015,2022
2015,2027
2015,2027
2015,2020
2015,2022
2015,2030
2015,2022
2015,2021
2015,2020
2015,2045
2015,2025
2015,2055
2015,2020
2015,2027
2015,2049
2015,2049
2015,2023
2015,2020
2015,2023
2015,2025
2015,2075
2015,2025
2015,2022
2015,2025
2015,2018
2015,2022
2015,2023
2015,2017
2015,2027
2015,2025
2015,2022
2015,2023
2015,2020
2015,2049
2015,2023
2015,2075
2015,2020
2015,2049
2015,2022
2015,2022
2015,2022
2015,2019
2015,2023
2015,2021
2015,2025
2015,2021
