0,ISIN
6,ISIN13508
6,ISIN13513
6,ISIN13514
0,ISIN13515
0,ISIN13520
0,ISIN13521
0,ISIN13522
0,ISIN13523
3,ISIN13524
3,ISIN13526
0,ISIN13527
0,ISIN13528
0,ISIN13529
0,ISIN13530
0,ISIN13531
0,ISIN13532
0,ISIN13533
0,ISIN13534
0,ISIN13535
0,ISIN13536
0,ISIN13537
0,ISIN13538
0,ISIN13539
0,ISIN13540
5,ISIN13541
6,ISIN13542
6,ISIN13544
0,ISIN13545
0,ISIN13546
0,ISIN13547
0,ISIN13548
0,ISIN13549
0,ISIN13550
0,ISIN13551
2,ISIN13552
0,ISIN13553
0,ISIN13554
2,ISIN13555
0,ISIN13556
0,ISIN13557
0,ISIN13558
0,ISIN13559
0,ISIN13560
0,ISIN13561
0,ISIN13562
5,ISIN13563
5,ISIN13564
5,ISIN13565
5,ISIN13566
0,ISIN13567
0,ISIN13568
0,ISIN13569
0,ISIN13570
5,ISIN13571
5,ISIN13572
5,ISIN13573
5,ISIN13574
5,ISIN13575
0,ISIN13576
0,ISIN13577
0,ISIN13578
0,ISIN13579
0,ISIN13580
12,ISIN13581
12,ISIN13582
3,ISIN13583
3,ISIN13584
0,ISIN13585
6,ISIN13586
0,ISIN13587
0,ISIN13588
0,ISIN13589
0,ISIN13590
0,ISIN13591
0,ISIN13592
0,ISIN13593
0,ISIN13594
0,ISIN13595
0,ISIN13596
0,ISIN13597
0,ISIN13598
0,ISIN13599
4,ISIN13600
4,ISIN13601
6,ISIN13602
6,ISIN13603
4,ISIN13604
4,ISIN13605
4,ISIN13606
4,ISIN13607
4,ISIN13608
4,ISIN13609
4,ISIN13610
4,ISIN13611
4,ISIN13612
4,ISIN13613
4,ISIN13614
4,ISIN13615
4,ISIN13616
4,ISIN13617
4,ISIN13618
4,ISIN13619
4,ISIN13620
4,ISIN13621
4,ISIN13622
0,ISIN13623
0,ISIN13624
0,ISIN13625
0,ISIN13627
4,ISIN13639
4,ISIN13642
0,ISIN13643
0,ISIN13644
0,ISIN13645
0,ISIN13646
3,ISIN13647
3,ISIN13649
3,ISIN13650
3,ISIN13651
3,ISIN13652
3,ISIN13655
3,ISIN13656
3,ISIN13657
3,ISIN13658
3,ISIN13659
3,ISIN13660
3,ISIN13663
3,ISIN13664
3,ISIN13665
3,ISIN13666
3,ISIN13667
3,ISIN13668
3,ISIN13669
3,ISIN13670
0,ISIN13671
2,ISIN13672
2,ISIN13673
2,ISIN13674
2,ISIN13675
2,ISIN13676
0,ISIN13677
0,ISIN13678
2,ISIN13679
2,ISIN13680
2,ISIN13681
2,ISIN13682
2,ISIN13683
2,ISIN13684
2,ISIN13685
2,ISIN13686
2,ISIN13687
2,ISIN13688
2,ISIN13689
2,ISIN13690
2,ISIN13691
2,ISIN13692
2,ISIN13693
2,ISIN13694
2,ISIN13695
2,ISIN13696
2,ISIN13697
2,ISIN13698
2,ISIN13699
0,ISIN13700
0,ISIN13701
0,ISIN13702
0,ISIN13703
0,ISIN13704
0,ISIN13705
0,ISIN13706
0,ISIN13707
0,ISIN13708
0,ISIN13709
0,ISIN13710
0,ISIN13713
5,ISIN13714
5,ISIN13715
5,ISIN13716
5,ISIN13717
0,ISIN13718
0,ISIN13721
0,ISIN13722
0,ISIN13723
4,ISIN13725
4,ISIN13726
0,ISIN13727
0,ISIN13728
0,ISIN13731
5,ISIN13732
5,ISIN13733
0,ISIN13734
5,ISIN13735
5,ISIN13736
5,ISIN13737
5,ISIN13738
5,ISIN13739
5,ISIN13740
5,ISIN13741
5,ISIN13742
5,ISIN13743
5,ISIN13744
5,ISIN13745
5,ISIN13746
5,ISIN13747
5,ISIN13748
0,ISIN13749
0,ISIN13750
0,ISIN13751
0,ISIN13752
1,ISIN13753
1,ISIN13754
1,ISIN13755
0,ISIN13756
0,ISIN13768
0,ISIN13769
2,ISIN13770
0,ISIN13771
0,ISIN13772
0,ISIN13773
2,ISIN13774
0,ISIN13775
13,ISIN13776
13,ISIN13778
13,ISIN13779
13,ISIN13780
13,ISIN13781
13,ISIN13782
0,ISIN13783
4,ISIN13784
8,ISIN13786
0,ISIN13787
0,ISIN13788
3,ISIN13789
1,ISIN13790
1,ISIN13791
4,ISIN13792
0,ISIN13793
0,ISIN13794
0,ISIN13795
0,ISIN13796
2,ISIN13797
2,ISIN13798
2,ISIN13799
0,ISIN13800
2,ISIN13801
0,ISIN13802
0,ISIN13803
5,ISIN13804
0,ISIN13805
5,ISIN13806
5,ISIN13807
5,ISIN13808
5,ISIN13809
0,ISIN13810
0,ISIN13811
0,ISIN13812
0,ISIN13813
0,ISIN13814
0,ISIN13815
0,ISIN13816
0,ISIN13817
0,ISIN13818
0,ISIN13819
0,ISIN13820
0,ISIN13821
10,ISIN13822
0,ISIN13823
5,ISIN13824
0,ISIN13826
0,ISIN13827
0,ISIN13828
0,ISIN13830
0,ISIN13831
0,ISIN13832
0,ISIN13833
0,ISIN13834
0,ISIN13836
0,ISIN13838
0,ISIN13839
0,ISIN13840
4,ISIN13841
4,ISIN13842
4,ISIN13843
4,ISIN13844
4,ISIN13845
4,ISIN13846
4,ISIN13847
4,ISIN13848
4,ISIN13849
4,ISIN13850
0,ISIN13851
0,ISIN13852
0,ISIN13853
0,ISIN13855
0,ISIN13856
0,ISIN13857
0,ISIN13858
0,ISIN13859
0,ISIN13860
0,ISIN13861
0,ISIN13862
0,ISIN13863
5,ISIN13865
5,ISIN13866
3,ISIN13867
3,ISIN13868
5,ISIN13869
5,ISIN13870
1,ISIN13871
0,ISIN13872
0,ISIN13873
0,ISIN13874
0,ISIN13875
0,ISIN13876
0,ISIN13877
0,ISIN13878
0,ISIN13879
0,ISIN13880
0,ISIN13881
0,ISIN13882
0,ISIN13883
0,ISIN13888
2,ISIN13890
2,ISIN13891
6,ISIN13892
6,ISIN13893
6,ISIN13894
0,ISIN13895
6,ISIN13898
0,ISIN13899
0,ISIN13900
0,ISIN13901
0,ISIN13902
0,ISIN13903
0,ISIN13904
0,ISIN13905
0,ISIN13906
0,ISIN13907
0,ISIN13908
0,ISIN13909
0,ISIN13910
0,ISIN13911
0,ISIN13912
0,ISIN13913
0,ISIN13914
0,ISIN13915
0,ISIN13916
0,ISIN13917
0,ISIN13918
0,ISIN13919
0,ISIN13920
0,ISIN13921
0,ISIN13922
4,ISIN13923
4,ISIN13924
4,ISIN13925
0,ISIN13926
0,ISIN13927
0,ISIN13928
0,ISIN13929
0,ISIN13930
0,ISIN13931
0,ISIN13932
0,ISIN13933
0,ISIN13934
0,ISIN13937
0,ISIN13938
0,ISIN13939
0,ISIN13940
6,ISIN13941
6,ISIN13942
6,ISIN13943
6,ISIN13944
6,ISIN13945
6,ISIN13946
6,ISIN13947
6,ISIN13948
6,ISIN13949
6,ISIN13950
6,ISIN13951
6,ISIN13952
6,ISIN13953
6,ISIN13954
6,ISIN13955
6,ISIN13956
6,ISIN13957
6,ISIN13958
6,ISIN13959
6,ISIN13960
6,ISIN13961
0,ISIN13962
0,ISIN13963
5,ISIN13964
0,ISIN13965
6,ISIN13966
6,ISIN13967
0,ISIN13968
0,ISIN13969
0,ISIN13970
0,ISIN13971
9,ISIN13972
9,ISIN13973
9,ISIN13974
0,ISIN13975
0,ISIN13976
9,ISIN13977
7,ISIN13978
0,ISIN13979
3,ISIN13980
3,ISIN13981
0,ISIN13982
3,ISIN13983
3,ISIN13984
2,ISIN13985
2,ISIN13987
0,ISIN13988
0,ISIN13989
9,ISIN13990
9,ISIN13991
0,ISIN13992
0,ISIN13993
0,ISIN13994
0,ISIN13995
0,ISIN13996
5,ISIN13997
5,ISIN13998
5,ISIN13999
5,ISIN14000
5,ISIN14001
0,ISIN14002
0,ISIN14003
7,ISIN14004
0,ISIN14005
5,ISIN14006
0,ISIN14007
1,ISIN14011
1,ISIN14013
1,ISIN14014
1,ISIN14015
1,ISIN14016
1,ISIN14017
1,ISIN14018
1,ISIN14019
1,ISIN14020
1,ISIN14021
1,ISIN14022
1,ISIN14023
1,ISIN14024
1,ISIN14025
1,ISIN14026
0,ISIN14027
0,ISIN14028
0,ISIN14029
0,ISIN14030
0,ISIN14031
0,ISIN14032
2,ISIN14033
5,ISIN14034
5,ISIN14035
5,ISIN14036
5,ISIN14037
5,ISIN14038
5,ISIN14039
5,ISIN14040
0,ISIN14041
0,ISIN14042
0,ISIN14043
0,ISIN14044
0,ISIN14045
0,ISIN14046
0,ISIN14047
1,ISIN14048
1,ISIN14049
1,ISIN14050
1,ISIN14051
1,ISIN14052
1,ISIN14053
1,ISIN14054
1,ISIN14055
1,ISIN14056
1,ISIN14057
1,ISIN14058
1,ISIN14059
1,ISIN14060
0,ISIN14061
5,ISIN14062
5,ISIN14063
5,ISIN14064
0,ISIN14066
0,ISIN14067
0,ISIN14068
0,ISIN14069
0,ISIN14070
4,ISIN14071
0,ISIN14072
0,ISIN14073
0,ISIN14074
4,ISIN14075
4,ISIN14076
4,ISIN14077
4,ISIN14078
6,ISIN14079
0,ISIN14081
0,ISIN14082
0,ISIN14083
0,ISIN14084
0,ISIN14085
0,ISIN14087
0,ISIN14088
0,ISIN14089
0,ISIN14090
0,ISIN14091
0,ISIN14092
0,ISIN14093
0,ISIN14094
0,ISIN14095
0,ISIN14096
0,ISIN14097
0,ISIN14098
0,ISIN14099
0,ISIN14100
0,ISIN14101
0,ISIN14102
0,ISIN14103
0,ISIN14104
0,ISIN14105
0,ISIN14106
3,ISIN14107
5,ISIN14108
5,ISIN14110
5,ISIN14111
5,ISIN14112
5,ISIN14113
5,ISIN14114
5,ISIN14115
5,ISIN14116
5,ISIN14117
5,ISIN14118
5,ISIN14119
5,ISIN14120
5,ISIN14121
5,ISIN14122
5,ISIN14123
5,ISIN14124
5,ISIN14125
5,ISIN14126
5,ISIN14127
2,ISIN14128
2,ISIN14129
0,ISIN14130
0,ISIN14131
0,ISIN14132
0,ISIN14133
0,ISIN14136
4,ISIN14137
4,ISIN14139
4,ISIN14140
0,ISIN14141
0,ISIN14142
4,ISIN14143
0,ISIN14144
0,ISIN14145
0,ISIN14146
0,ISIN14147
0,ISIN14148
0,ISIN14149
0,ISIN14150
2,ISIN14151
2,ISIN14152
0,ISIN14153
0,ISIN14154
0,ISIN14155
0,ISIN14156
0,ISIN14157
0,ISIN14158
0,ISIN14159
0,ISIN14160
12,ISIN14161
12,ISIN14162
0,ISIN14163
12,ISIN14164
0,ISIN14165
6,ISIN14168
6,ISIN14169
6,ISIN14170
6,ISIN14171
3,ISIN14172
3,ISIN14174
0,ISIN14175
0,ISIN14176
4,ISIN14177
0,ISIN14178
12,ISIN14179
12,ISIN14180
12,ISIN14181
0,ISIN14182
12,ISIN14183
0,ISIN14184
12,ISIN14185
12,ISIN14186
12,ISIN14187
12,ISIN14188
2,ISIN14189
5,ISIN14190
0,ISIN14191
5,ISIN14192
5,ISIN14193
5,ISIN14194
5,ISIN14195
0,ISIN14196
0,ISIN14197
0,ISIN14198
0,ISIN14199
0,ISIN14200
0,ISIN14201
0,ISIN14202
0,ISIN14203
0,ISIN14204
0,ISIN14205
0,ISIN14206
14,ISIN14207
1,ISIN14208
5,ISIN14209
2,ISIN14210
2,ISIN14212
2,ISIN14213
2,ISIN14214
2,ISIN14215
2,ISIN14216
2,ISIN14217
2,ISIN14218
2,ISIN14219
2,ISIN14220
2,ISIN14221
2,ISIN14222
2,ISIN14223
2,ISIN14224
2,ISIN14225
2,ISIN14226
2,ISIN14227
2,ISIN14228
2,ISIN14229
2,ISIN14230
2,ISIN14231
2,ISIN14232
2,ISIN14233
2,ISIN14234
2,ISIN14235
2,ISIN14236
0,ISIN14237
0,ISIN14239
2,ISIN14240
2,ISIN14241
2,ISIN14242
2,ISIN14243
2,ISIN14244
2,ISIN14245
2,ISIN14246
2,ISIN14247
2,ISIN14248
2,ISIN14249
2,ISIN14250
0,ISIN14251
0,ISIN14252
0,ISIN14253
0,ISIN14254
0,ISIN14255
0,ISIN14256
0,ISIN14257
4,ISIN14258
0,ISIN14259
0,ISIN14260
4,ISIN14261
4,ISIN14262
4,ISIN14263
0,ISIN14264
4,ISIN14265
0,ISIN14266
0,ISIN14267
0,ISIN14268
2,ISIN14269
2,ISIN14270
2,ISIN14271
2,ISIN14272
2,ISIN14273
2,ISIN14274
2,ISIN14275
2,ISIN14276
2,ISIN14277
2,ISIN14278
2,ISIN14279
2,ISIN14280
2,ISIN14281
2,ISIN14282
4,ISIN14283
4,ISIN14284
4,ISIN14285
2,ISIN14286
2,ISIN14287
2,ISIN14288
2,ISIN14289
2,ISIN14290
2,ISIN14291
2,ISIN14292
2,ISIN14293
2,ISIN14294
2,ISIN14295
2,ISIN14296
2,ISIN14297
2,ISIN14298
2,ISIN14299
2,ISIN14300
2,ISIN14301
2,ISIN14302
2,ISIN14303
2,ISIN14304
2,ISIN14305
2,ISIN14306
2,ISIN14307
6,ISIN14308
4,ISIN14309
4,ISIN14310
0,ISIN14311
0,ISIN14312
0,ISIN14313
0,ISIN14314
0,ISIN14315
4,ISIN14316
0,ISIN14317
4,ISIN14318
0,ISIN14319
0,ISIN14320
0,ISIN14321
0,ISIN14322
14,ISIN14323
0,ISIN14324
0,ISIN14325
0,ISIN14328
0,ISIN14336
0,ISIN14337
0,ISIN14338
0,ISIN14339
0,ISIN14340
0,ISIN14341
4,ISIN14348
4,ISIN14349
4,ISIN14350
4,ISIN14351
4,ISIN14352
6,ISIN14353
6,ISIN14354
6,ISIN14355
6,ISIN14356
6,ISIN14357
6,ISIN14358
0,ISIN14359
0,ISIN14360
0,ISIN14361
4,ISIN14362
4,ISIN14363
4,ISIN14364
4,ISIN14365
4,ISIN14366
4,ISIN14367
4,ISIN14368
4,ISIN14369
4,ISIN14370
4,ISIN14371
4,ISIN14372
0,ISIN14373
0,ISIN14374
0,ISIN14375
0,ISIN14376
0,ISIN14377
0,ISIN14378
0,ISIN14379
0,ISIN14380
0,ISIN14381
0,ISIN14382
0,ISIN14383
0,ISIN14384
0,ISIN14385
0,ISIN14386
0,ISIN14387
0,ISIN14388
0,ISIN14389
0,ISIN14390
0,ISIN14391
0,ISIN14392
0,ISIN14393
0,ISIN14395
0,ISIN14396
0,ISIN14397
0,ISIN14398
0,ISIN14399
0,ISIN14401
0,ISIN14402
0,ISIN14409
0,ISIN14410
0,ISIN14411
0,ISIN14412
0,ISIN14413
0,ISIN14414
0,ISIN14415
0,ISIN14416
0,ISIN14417
0,ISIN14418
0,ISIN14419
0,ISIN14420
0,ISIN14421
0,ISIN14422
0,ISIN14423
0,ISIN14424
5,ISIN14425
5,ISIN14427
5,ISIN14428
5,ISIN14429
5,ISIN14430
5,ISIN14431
5,ISIN14432
4,ISIN14433
4,ISIN14434
4,ISIN14435
4,ISIN14436
4,ISIN14437
4,ISIN14438
4,ISIN14439
4,ISIN14440
4,ISIN14441
4,ISIN14442
4,ISIN14443
0,ISIN14444
0,ISIN14445
0,ISIN14446
0,ISIN14447
0,ISIN14448
0,ISIN14449
0,ISIN14450
0,ISIN14451
0,ISIN14452
0,ISIN14453
0,ISIN14454
0,ISIN14457
0,ISIN14458
0,ISIN14459
0,ISIN14460
0,ISIN14461
0,ISIN14462
0,ISIN14463
0,ISIN14464
0,ISIN14465
0,ISIN14466
0,ISIN14467
6,ISIN14468
4,ISIN14469
4,ISIN14470
4,ISIN14471
0,ISIN14472
0,ISIN14473
0,ISIN14474
0,ISIN14475
0,ISIN14477
3,ISIN14478
0,ISIN14480
0,ISIN14481
0,ISIN14482
3,ISIN14483
3,ISIN14484
3,ISIN14485
3,ISIN14486
3,ISIN14487
3,ISIN14488
3,ISIN14489
3,ISIN14490
3,ISIN14491
0,ISIN14492
0,ISIN14493
0,ISIN14494
0,ISIN14495
0,ISIN14496
0,ISIN14497
0,ISIN14498
3,ISIN14499
0,ISIN14500
3,ISIN14501
0,ISIN14502
0,ISIN14503
0,ISIN14504
0,ISIN14505
0,ISIN14506
0,ISIN14507
0,ISIN14508
0,ISIN14509
0,ISIN14510
2,ISIN14511
2,ISIN14512
2,ISIN14513
2,ISIN14514
2,ISIN14515
2,ISIN14516
2,ISIN14517
0,ISIN14518
2,ISIN14521
2,ISIN14522
2,ISIN14523
2,ISIN14524
0,ISIN14525
2,ISIN14526
0,ISIN14527
5,ISIN14528
5,ISIN14529
5,ISIN14530
5,ISIN14531
5,ISIN14532
5,ISIN14533
5,ISIN14534
5,ISIN14535
5,ISIN14536
0,ISIN14537
5,ISIN14538
5,ISIN14539
5,ISIN14540
0,ISIN14541
14,ISIN14542
14,ISIN14543
14,ISIN14544
14,ISIN14545
14,ISIN14546
14,ISIN14547
0,ISIN14548
0,ISIN14549
0,ISIN14550
0,ISIN14551
0,ISIN14552
0,ISIN14553
0,ISIN14554
0,ISIN14555
0,ISIN14556
0,ISIN14557
0,ISIN14558
0,ISIN14559
0,ISIN14560
0,ISIN14561
0,ISIN14562
0,ISIN14563
0,ISIN14564
0,ISIN14565
0,ISIN14566
0,ISIN14567
0,ISIN14568
0,ISIN14569
0,ISIN14570
0,ISIN14571
0,ISIN14572
0,ISIN14573
0,ISIN14574
0,ISIN14575
0,ISIN14576
0,ISIN14577
0,ISIN14578
0,ISIN14579
0,ISIN14580
0,ISIN14581
0,ISIN14582
0,ISIN14583
0,ISIN14584
0,ISIN14585
0,ISIN14586
0,ISIN14587
0,ISIN14588
0,ISIN14589
0,ISIN14590
0,ISIN14591
0,ISIN14592
0,ISIN14593
0,ISIN14594
0,ISIN14595
0,ISIN14596
0,ISIN14597
0,ISIN14598
0,ISIN14599
0,ISIN14600
0,ISIN14601
0,ISIN14602
0,ISIN14603
0,ISIN14604
0,ISIN14605
0,ISIN14606
0,ISIN14607
0,ISIN14608
0,ISIN14609
0,ISIN14610
0,ISIN14611
0,ISIN14612
0,ISIN14613
0,ISIN14614
0,ISIN14615
0,ISIN14616
0,ISIN14617
0,ISIN14618
0,ISIN14619
0,ISIN14620
0,ISIN14621
0,ISIN14622
0,ISIN14623
0,ISIN14624
0,ISIN14625
0,ISIN14626
0,ISIN14627
0,ISIN14628
0,ISIN14629
0,ISIN14630
0,ISIN14631
0,ISIN14632
0,ISIN14633
0,ISIN14634
0,ISIN14635
0,ISIN14636
0,ISIN14637
0,ISIN14638
0,ISIN14639
0,ISIN14640
0,ISIN14641
0,ISIN14642
0,ISIN14643
0,ISIN14644
0,ISIN14645
0,ISIN14646
0,ISIN14647
0,ISIN14648
0,ISIN14649
0,ISIN14650
0,ISIN14651
0,ISIN14652
0,ISIN14653
0,ISIN14654
0,ISIN14655
0,ISIN14656
0,ISIN14657
0,ISIN14658
0,ISIN14659
0,ISIN14660
0,ISIN14661
0,ISIN14662
0,ISIN14663
0,ISIN14664
0,ISIN14665
0,ISIN14666
0,ISIN14667
0,ISIN14668
0,ISIN14669
0,ISIN14670
0,ISIN14671
0,ISIN14672
0,ISIN14673
0,ISIN14674
0,ISIN14675
0,ISIN14676
0,ISIN14677
0,ISIN14678
0,ISIN14679
0,ISIN14680
0,ISIN14681
0,ISIN14682
0,ISIN14683
0,ISIN14684
0,ISIN14685
0,ISIN14686
0,ISIN14687
0,ISIN14688
0,ISIN14689
0,ISIN14690
0,ISIN14691
0,ISIN14692
0,ISIN14693
0,ISIN14694
0,ISIN14695
0,ISIN14696
0,ISIN14697
0,ISIN14698
0,ISIN14699
0,ISIN14700
0,ISIN14701
0,ISIN14702
0,ISIN14703
0,ISIN14704
0,ISIN14705
0,ISIN14706
0,ISIN14707
0,ISIN14708
0,ISIN14709
0,ISIN14710
0,ISIN14711
0,ISIN14712
0,ISIN14713
0,ISIN14714
0,ISIN14715
0,ISIN14716
0,ISIN14717
0,ISIN14718
0,ISIN14719
0,ISIN14720
0,ISIN14721
0,ISIN14722
0,ISIN14723
0,ISIN14724
0,ISIN14725
0,ISIN14726
0,ISIN14727
0,ISIN14728
0,ISIN14729
0,ISIN14730
0,ISIN14731
0,ISIN14732
0,ISIN14733
0,ISIN14734
0,ISIN14735
0,ISIN14736
0,ISIN14737
0,ISIN14738
0,ISIN14739
0,ISIN14740
0,ISIN14741
0,ISIN14742
0,ISIN14743
0,ISIN14744
0,ISIN14745
0,ISIN14746
0,ISIN14747
0,ISIN14748
0,ISIN14753
0,ISIN14766
0,ISIN14768
0,ISIN14797
0,ISIN14798
0,ISIN14799
3,ISIN14800
3,ISIN14801
3,ISIN14802
0,ISIN14803
0,ISIN14804
0,ISIN14805
3,ISIN14806
3,ISIN14807
3,ISIN14808
3,ISIN14809
3,ISIN14810
0,ISIN14811
0,ISIN14812
0,ISIN14813
3,ISIN14814
3,ISIN14815
3,ISIN14816
3,ISIN14819
3,ISIN14823
3,ISIN14824
3,ISIN14828
3,ISIN14832
3,ISIN14833
3,ISIN14834
3,ISIN14835
3,ISIN14836
3,ISIN14837
3,ISIN14838
3,ISIN14839
3,ISIN14840
3,ISIN14841
3,ISIN14842
3,ISIN14843
3,ISIN14844
3,ISIN14845
3,ISIN14846
3,ISIN14847
3,ISIN14848
3,ISIN14849
3,ISIN14850
3,ISIN14851
5,ISIN14852
5,ISIN14856
5,ISIN14857
5,ISIN14858
5,ISIN14859
5,ISIN14860
5,ISIN14861
5,ISIN14862
5,ISIN14863
5,ISIN14864
5,ISIN14865
5,ISIN14866
5,ISIN14867
5,ISIN14868
5,ISIN14869
5,ISIN14870
5,ISIN14871
5,ISIN14872
5,ISIN14873
5,ISIN14874
5,ISIN14875
5,ISIN14876
5,ISIN14877
5,ISIN14878
5,ISIN14879
0,ISIN14880
5,ISIN14881
5,ISIN14882
0,ISIN14883
5,ISIN14884
0,ISIN14885
0,ISIN14886
0,ISIN14887
0,ISIN14888
0,ISIN14889
0,ISIN14893
0,ISIN14894
0,ISIN14895
0,ISIN14896
0,ISIN14897
0,ISIN14898
0,ISIN14899
0,ISIN14900
0,ISIN14901
0,ISIN14902
0,ISIN14903
0,ISIN14904
0,ISIN14905
0,ISIN14906
0,ISIN14907
0,ISIN14908
0,ISIN14909
9,ISIN14910
9,ISIN14911
9,ISIN14912
9,ISIN14913
4,ISIN14914
0,ISIN14915
0,ISIN14916
0,ISIN14917
0,ISIN14918
0,ISIN14919
0,ISIN14920
0,ISIN14921
0,ISIN14922
0,ISIN14923
0,ISIN14924
0,ISIN14925
0,ISIN14926
0,ISIN14927
6,ISIN14931
6,ISIN14934
6,ISIN14935
6,ISIN14936
6,ISIN14937
6,ISIN14938
0,ISIN14939
0,ISIN14940
0,ISIN14941
0,ISIN14942
0,ISIN14943
0,ISIN14944
0,ISIN14945
0,ISIN14946
0,ISIN14947
0,ISIN14948
0,ISIN14949
4,ISIN14950
4,ISIN14951
0,ISIN14952
0,ISIN14953
0,ISIN14954
0,ISIN14955
0,ISIN14956
0,ISIN14957
2,ISIN14958
8,ISIN14959
8,ISIN14960
8,ISIN14961
8,ISIN14962
0,ISIN14963
0,ISIN14964
5,ISIN14965
0,ISIN14966
0,ISIN14967
0,ISIN14968
0,ISIN14969
0,ISIN14970
0,ISIN14971
4,ISIN14972
4,ISIN14973
4,ISIN14974
4,ISIN14975
10,ISIN14976
3,ISIN14977
3,ISIN14980
3,ISIN14981
3,ISIN14982
0,ISIN14983
6,ISIN14984
0,ISIN14985
0,ISIN14986
0,ISIN14987
0,ISIN14989
0,ISIN14990
0,ISIN14991
0,ISIN14992
0,ISIN14993
0,ISIN14994
0,ISIN14995
0,ISIN14996
0,ISIN14997
2,ISIN14998
2,ISIN14999
0,ISIN15000
0,ISIN15001
0,ISIN15002
0,ISIN15003
0,ISIN15004
0,ISIN15005
0,ISIN15006
0,ISIN15007
0,ISIN15008
0,ISIN15009
0,ISIN15010
0,ISIN15011
0,ISIN15012
0,ISIN15013
0,ISIN15014
0,ISIN15015
0,ISIN15016
0,ISIN15017
0,ISIN15018
0,ISIN15019
0,ISIN15020
0,ISIN15021
0,ISIN15022
0,ISIN15023
0,ISIN15024
0,ISIN15025
0,ISIN15026
0,ISIN15027
0,ISIN15028
0,ISIN15029
0,ISIN15030
0,ISIN15031
0,ISIN15032
0,ISIN15033
0,ISIN15034
0,ISIN15035
0,ISIN15036
6,ISIN15037
6,ISIN15040
0,ISIN15041
0,ISIN15048
0,ISIN15049
4,ISIN15050
4,ISIN15051
4,ISIN15052
4,ISIN15053
4,ISIN15054
4,ISIN15055
0,ISIN15056
0,ISIN15057
0,ISIN15058
1,ISIN15059
0,ISIN15060
0,ISIN15061
0,ISIN15062
0,ISIN15064
0,ISIN15065
0,ISIN15066
0,ISIN15067
0,ISIN15068
0,ISIN15069
0,ISIN15070
0,ISIN15071
0,ISIN15072
0,ISIN15073
0,ISIN15074
0,ISIN15075
0,ISIN15076
0,ISIN15077
0,ISIN15078
0,ISIN15079
0,ISIN15080
0,ISIN15081
0,ISIN15082
3,ISIN15083
3,ISIN15086
3,ISIN15087
0,ISIN15088
0,ISIN15089
0,ISIN15090
0,ISIN15091
0,ISIN15094
0,ISIN15099
0,ISIN15102
0,ISIN15103
0,ISIN15104
0,ISIN15105
0,ISIN15106
9,ISIN15107
2,ISIN15108
2,ISIN15109
2,ISIN15110
2,ISIN15111
2,ISIN15112
2,ISIN15113
2,ISIN15114
2,ISIN15115
2,ISIN15116
2,ISIN15117
2,ISIN15118
2,ISIN15119
2,ISIN15120
2,ISIN15121
2,ISIN15122
2,ISIN15123
2,ISIN15124
2,ISIN15125
2,ISIN15126
0,ISIN15127
0,ISIN15128
0,ISIN15129
0,ISIN15130
0,ISIN15131
0,ISIN15132
0,ISIN15133
0,ISIN15134
0,ISIN15135
0,ISIN15136
0,ISIN15137
0,ISIN15138
0,ISIN15139
0,ISIN15140
0,ISIN15141
0,ISIN15142
0,ISIN15143
0,ISIN15144
0,ISIN15145
0,ISIN15146
0,ISIN15147
0,ISIN15148
0,ISIN15149
0,ISIN15150
0,ISIN15151
0,ISIN15152
0,ISIN15153
0,ISIN15154
0,ISIN15155
0,ISIN15156
0,ISIN15157
0,ISIN15158
12,ISIN15159
0,ISIN15160
0,ISIN15161
0,ISIN15162
0,ISIN15164
0,ISIN15167
0,ISIN15168
0,ISIN15169
2,ISIN15170
0,ISIN15171
0,ISIN15172
2,ISIN15173
2,ISIN15174
2,ISIN15175
2,ISIN15176
0,ISIN15177
0,ISIN15178
0,ISIN15179
0,ISIN15180
0,ISIN15181
0,ISIN15182
0,ISIN15183
0,ISIN15184
0,ISIN15185
6,ISIN15186
6,ISIN15187
6,ISIN15188
6,ISIN15189
6,ISIN15190
6,ISIN15191
6,ISIN15192
6,ISIN15193
4,ISIN15194
4,ISIN15195
0,ISIN15196
0,ISIN15200
0,ISIN15201
0,ISIN15202
0,ISIN15203
0,ISIN15204
0,ISIN15205
4,ISIN15206
4,ISIN15207
4,ISIN15208
2,ISIN15209
4,ISIN15210
4,ISIN15211
4,ISIN15212
4,ISIN15213
4,ISIN15214
4,ISIN15215
0,ISIN15216
0,ISIN15217
3,ISIN15265
3,ISIN15277
3,ISIN15280
3,ISIN15281
3,ISIN15282
3,ISIN15283
3,ISIN15284
3,ISIN15285
3,ISIN15286
3,ISIN15289
3,ISIN15290
3,ISIN15307
3,ISIN15418
0,ISIN15419
3,ISIN15444
3,ISIN15452
3,ISIN15467
3,ISIN15475
3,ISIN15476
3,ISIN15477
3,ISIN15478
3,ISIN15479
3,ISIN15480
3,ISIN15481
3,ISIN15482
3,ISIN15483
3,ISIN15484
3,ISIN15485
3,ISIN15486
3,ISIN15487
3,ISIN15488
3,ISIN15489
3,ISIN15490
3,ISIN15491
3,ISIN15492
3,ISIN15493
3,ISIN15494
3,ISIN15495
3,ISIN15550
3,ISIN15551
3,ISIN15552
3,ISIN15553
3,ISIN15554
3,ISIN15555
3,ISIN15556
3,ISIN15557
3,ISIN15558
3,ISIN15559
3,ISIN15560
3,ISIN15561
3,ISIN15562
3,ISIN15563
3,ISIN15564
3,ISIN15565
9,ISIN15566
9,ISIN15633
9,ISIN15634
0,ISIN15635
9,ISIN15636
6,ISIN15637
0,ISIN15638
0,ISIN15639
12,ISIN15640
0,ISIN15641
5,ISIN15642
0,ISIN15643
0,ISIN15644
0,ISIN15645
6,ISIN15646
6,ISIN15647
0,ISIN15648
0,ISIN15649
0,ISIN15650
0,ISIN15651
0,ISIN15652
0,ISIN15653
0,ISIN15654
0,ISIN15655
4,ISIN15656
4,ISIN15657
6,ISIN15658
6,ISIN15659
6,ISIN15660
6,ISIN15661
0,ISIN15662
0,ISIN15663
0,ISIN15664
0,ISIN15665
0,ISIN15666
0,ISIN15667
0,ISIN15668
0,ISIN15670
0,ISIN15671
0,ISIN15675
0,ISIN15676
0,ISIN15677
0,ISIN15678
0,ISIN15679
0,ISIN15681
0,ISIN15682
0,ISIN15683
0,ISIN15684
0,ISIN15685
0,ISIN15686
0,ISIN15687
0,ISIN15688
0,ISIN15689
0,ISIN15690
0,ISIN15691
0,ISIN15693
0,ISIN15694
0,ISIN15696
7,ISIN15701
7,ISIN15703
0,ISIN15704
7,ISIN15705
0,ISIN15706
0,ISIN15707
0,ISIN15708
0,ISIN15709
0,ISIN15710
0,ISIN15711
0,ISIN15712
7,ISIN15713
7,ISIN15714
7,ISIN15715
7,ISIN15716
7,ISIN15717
7,ISIN15718
7,ISIN15719
7,ISIN15720
7,ISIN15721
7,ISIN15722
0,ISIN15723
0,ISIN15726
0,ISIN15727
0,ISIN15728
0,ISIN15729
0,ISIN15730
0,ISIN15731
0,ISIN15732
0,ISIN15733
0,ISIN15734
0,ISIN15735
0,ISIN15736
0,ISIN15737
1,ISIN15738
0,ISIN15739
7,ISIN15740
7,ISIN15741
7,ISIN15742
7,ISIN15743
0,ISIN15744
7,ISIN15745
7,ISIN15746
7,ISIN15747
0,ISIN15748
0,ISIN15749
0,ISIN15750
7,ISIN15751
7,ISIN15752
0,ISIN15753
0,ISIN15754
7,ISIN15755
0,ISIN15756
7,ISIN15757
0,ISIN15758
7,ISIN15759
7,ISIN15760
7,ISIN15761
7,ISIN15762
7,ISIN15763
7,ISIN15764
7,ISIN15765
7,ISIN15766
7,ISIN15767
7,ISIN15768
7,ISIN15769
7,ISIN15770
7,ISIN15771
7,ISIN15772
7,ISIN15773
0,ISIN15774
7,ISIN15775
7,ISIN15776
0,ISIN15777
7,ISIN15778
0,ISIN15779
0,ISIN15780
0,ISIN15781
0,ISIN15782
0,ISIN15783
0,ISIN15784
0,ISIN15785
7,ISIN15786
0,ISIN15787
7,ISIN15788
0,ISIN15789
7,ISIN15790
0,ISIN15791
0,ISIN15792
0,ISIN15794
7,ISIN15795
0,ISIN15796
7,ISIN15797
7,ISIN15798
7,ISIN15799
7,ISIN15800
7,ISIN15801
7,ISIN15802
0,ISIN15803
7,ISIN15804
7,ISIN15805
0,ISIN15806
0,ISIN15807
7,ISIN15808
7,ISIN15809
0,ISIN15810
7,ISIN15811
0,ISIN15812
0,ISIN15813
7,ISIN15814
0,ISIN15815
7,ISIN15816
7,ISIN15817
0,ISIN15818
7,ISIN15819
7,ISIN15820
7,ISIN15821
7,ISIN15822
7,ISIN15823
0,ISIN15824
0,ISIN15825
7,ISIN15826
0,ISIN15827
7,ISIN15828
0,ISIN15829
7,ISIN15830
7,ISIN15831
7,ISIN15832
7,ISIN15833
0,ISIN15834
7,ISIN15835
7,ISIN15836
7,ISIN15837
7,ISIN15838
7,ISIN15839
7,ISIN15840
7,ISIN15841
7,ISIN15842
7,ISIN15843
7,ISIN15844
0,ISIN15845
0,ISIN15846
0,ISIN15847
0,ISIN15848
7,ISIN15849
0,ISIN15850
7,ISIN15851
0,ISIN15852
7,ISIN15853
0,ISIN15854
7,ISIN15855
0,ISIN15856
7,ISIN15857
7,ISIN15858
7,ISIN15859
7,ISIN15860
7,ISIN15861
7,ISIN15862
7,ISIN15863
7,ISIN15864
0,ISIN15865
0,ISIN15867
7,ISIN15868
0,ISIN15869
7,ISIN15870
0,ISIN15871
7,ISIN15872
0,ISIN15873
0,ISIN15874
0,ISIN15875
0,ISIN15876
0,ISIN15877
7,ISIN15878
0,ISIN15879
7,ISIN15880
7,ISIN15881
7,ISIN15882
7,ISIN15883
7,ISIN15884
0,ISIN15885
0,ISIN15886
0,ISIN15887
0,ISIN15888
0,ISIN15890
0,ISIN15891
7,ISIN15892
0,ISIN15893
7,ISIN15894
7,ISIN15895
0,ISIN15896
0,ISIN15897
0,ISIN15898
0,ISIN15899
0,ISIN15902
7,ISIN15903
0,ISIN15904
7,ISIN15905
7,ISIN15906
0,ISIN15907
0,ISIN15908
0,ISIN15909
0,ISIN15910
0,ISIN15911
0,ISIN15912
7,ISIN15913
7,ISIN15914
7,ISIN15915
7,ISIN15916
7,ISIN15917
7,ISIN15918
7,ISIN15919
7,ISIN15920
7,ISIN15921
7,ISIN15922
0,ISIN15923
7,ISIN15924
0,ISIN15926
0,ISIN15927
7,ISIN15928
7,ISIN15929
7,ISIN15930
0,ISIN15931
7,ISIN15932
7,ISIN15933
7,ISIN15934
7,ISIN15935
7,ISIN15936
7,ISIN15937
7,ISIN15938
7,ISIN15939
0,ISIN15940
7,ISIN15941
0,ISIN15942
0,ISIN15943
0,ISIN15945
0,ISIN15946
0,ISIN15947
0,ISIN15948
0,ISIN15949
0,ISIN15950
0,ISIN15951
0,ISIN15952
2,ISIN15953
0,ISIN15954
0,ISIN15955
2,ISIN15956
2,ISIN15957
2,ISIN15958
2,ISIN15959
0,ISIN15960
0,ISIN15961
0,ISIN15962
0,ISIN15963
0,ISIN15964
0,ISIN15965
0,ISIN15966
0,ISIN15967
0,ISIN15968
0,ISIN15969
0,ISIN15970
0,ISIN15973
2,ISIN15974
2,ISIN15975
5,ISIN15976
0,ISIN15981
0,ISIN15984
0,ISIN15985
0,ISIN15986
5,ISIN15988
5,ISIN15991
5,ISIN15992
5,ISIN15993
5,ISIN15994
5,ISIN15995
5,ISIN15996
5,ISIN15997
0,ISIN15998
0,ISIN15999
0,ISIN16000
0,ISIN16005
0,ISIN16006
2,ISIN16030
2,ISIN16031
0,ISIN16032
3,ISIN16035
3,ISIN16036
0,ISIN16037
0,ISIN16038
0,ISIN16039
3,ISIN16040
0,ISIN16041
0,ISIN16042
0,ISIN16043
0,ISIN16045
0,ISIN16046
0,ISIN16047
0,ISIN16048
0,ISIN16049
0,ISIN16050
0,ISIN16051
0,ISIN16052
0,ISIN16053
0,ISIN16054
0,ISIN16055
0,ISIN16056
2,ISIN16057
2,ISIN16058
0,ISIN16059
0,ISIN16060
0,ISIN16061
0,ISIN16062
0,ISIN16063
0,ISIN16064
0,ISIN16065
2,ISIN16066
0,ISIN16068
7,ISIN16069
7,ISIN16070
0,ISIN16071
7,ISIN16072
7,ISIN16073
7,ISIN16074
0,ISIN16075
0,ISIN16076
9,ISIN16077
0,ISIN16078
0,ISIN16079
0,ISIN16080
0,ISIN16081
0,ISIN16082
0,ISIN16083
0,ISIN16084
6,ISIN16086
6,ISIN16088
6,ISIN16089
6,ISIN16091
6,ISIN16092
6,ISIN16093
0,ISIN16094
0,ISIN16095
0,ISIN16096
0,ISIN16097
0,ISIN16098
0,ISIN16099
0,ISIN16100
0,ISIN16101
0,ISIN16102
0,ISIN16103
0,ISIN16104
0,ISIN16105
0,ISIN16106
0,ISIN16107
0,ISIN16108
12,ISIN16109
12,ISIN16110
12,ISIN16111
12,ISIN16112
3,ISIN16113
0,ISIN16116
0,ISIN16117
0,ISIN16118
0,ISIN16119
0,ISIN16120
0,ISIN16121
0,ISIN16122
0,ISIN16123
0,ISIN16124
0,ISIN16125
0,ISIN16126
0,ISIN16127
0,ISIN16128
0,ISIN16129
0,ISIN16130
0,ISIN16131
0,ISIN16132
0,ISIN16133
0,ISIN16134
0,ISIN16135
0,ISIN16136
0,ISIN16137
0,ISIN16138
0,ISIN16139
0,ISIN16140
0,ISIN16141
0,ISIN16142
0,ISIN16143
0,ISIN16144
0,ISIN16145
0,ISIN16146
0,ISIN16147
0,ISIN16148
0,ISIN16149
0,ISIN16150
0,ISIN16151
0,ISIN16152
0,ISIN16153
0,ISIN16154
0,ISIN16155
0,ISIN16156
0,ISIN16157
0,ISIN16159
0,ISIN16160
0,ISIN16161
9,ISIN16162
9,ISIN16163
0,ISIN16164
0,ISIN16165
0,ISIN16166
0,ISIN16167
0,ISIN16168
0,ISIN16169
0,ISIN16170
0,ISIN16171
0,ISIN16172
0,ISIN16173
0,ISIN16174
0,ISIN16175
0,ISIN16176
0,ISIN16177
0,ISIN16178
0,ISIN16179
0,ISIN16180
0,ISIN16181
4,ISIN16182
4,ISIN16183
4,ISIN16184
4,ISIN16185
4,ISIN16186
0,ISIN16187
0,ISIN16190
0,ISIN16191
2,ISIN16192
2,ISIN16193
2,ISIN16194
2,ISIN16195
2,ISIN16196
2,ISIN16197
5,ISIN16198
5,ISIN16199
5,ISIN16200
4,ISIN16201
0,ISIN16202
0,ISIN16203
0,ISIN16204
0,ISIN16205
1,ISIN16206
0,ISIN16207
0,ISIN16208
14,ISIN16209
14,ISIN16210
14,ISIN16211
14,ISIN16212
14,ISIN16213
14,ISIN16214
14,ISIN16215
14,ISIN16216
14,ISIN16217
14,ISIN16218
14,ISIN16219
14,ISIN16220
14,ISIN16221
0,ISIN16222
0,ISIN16223
0,ISIN16224
0,ISIN16225
0,ISIN16226
14,ISIN16227
0,ISIN16228
0,ISIN16229
0,ISIN16230
0,ISIN16231
11,ISIN16232
0,ISIN16233
0,ISIN16234
6,ISIN16235
0,ISIN16236
0,ISIN16237
0,ISIN16238
0,ISIN16239
0,ISIN16240
0,ISIN16241
0,ISIN16242
3,ISIN16243
3,ISIN16244
3,ISIN16246
3,ISIN16247
0,ISIN16248
0,ISIN16250
0,ISIN16252
2,ISIN16253
0,ISIN16254
4,ISIN16255
4,ISIN16257
4,ISIN16258
4,ISIN16259
4,ISIN16260
4,ISIN16261
4,ISIN16262
9,ISIN16263
0,ISIN16264
2,ISIN16265
2,ISIN16266
2,ISIN16267
3,ISIN16268
3,ISIN16272
3,ISIN16274
3,ISIN16281
3,ISIN16282
3,ISIN16283
3,ISIN16284
3,ISIN16286
3,ISIN16295
3,ISIN16296
0,ISIN16297
3,ISIN16298
3,ISIN16301
0,ISIN16302
0,ISIN16303
3,ISIN16304
3,ISIN16305
3,ISIN16306
3,ISIN16308
3,ISIN16309
3,ISIN16310
3,ISIN16315
3,ISIN16319
3,ISIN16325
6,ISIN16326
11,ISIN16387
4,ISIN16399
0,ISIN16400
0,ISIN16401
0,ISIN16402
0,ISIN16403
0,ISIN16404
0,ISIN16407
0,ISIN16408
0,ISIN16411
0,ISIN16412
4,ISIN16413
0,ISIN16414
0,ISIN16416
5,ISIN16417
5,ISIN16418
5,ISIN16419
5,ISIN16420
5,ISIN16421
5,ISIN16422
5,ISIN16423
5,ISIN16424
5,ISIN16425
5,ISIN16426
5,ISIN16427
5,ISIN16428
5,ISIN16429
5,ISIN16430
5,ISIN16431
5,ISIN16432
5,ISIN16433
5,ISIN16434
5,ISIN16435
5,ISIN16436
5,ISIN16438
5,ISIN16439
0,ISIN16440
0,ISIN16441
0,ISIN16442
0,ISIN16443
0,ISIN16444
0,ISIN16445
0,ISIN16446
0,ISIN16447
0,ISIN16448
5,ISIN16449
5,ISIN16450
5,ISIN16451
5,ISIN16452
0,ISIN16453
4,ISIN16455
4,ISIN16456
4,ISIN16457
4,ISIN16458
5,ISIN16459
5,ISIN16460
5,ISIN16461
5,ISIN16462
5,ISIN16463
0,ISIN16464
4,ISIN16465
4,ISIN16466
4,ISIN16467
2,ISIN16468
2,ISIN16469
2,ISIN16470
13,ISIN16471
13,ISIN16472
1,ISIN16473
0,ISIN16474
0,ISIN16476
5,ISIN16477
5,ISIN16478
5,ISIN16479
5,ISIN16480
5,ISIN16481
5,ISIN16482
4,ISIN16483
4,ISIN16484
4,ISIN16485
4,ISIN16486
4,ISIN16487
5,ISIN16488
5,ISIN16490
5,ISIN16491
1,ISIN16492
0,ISIN16493
0,ISIN16494
4,ISIN16495
4,ISIN16499
4,ISIN16500
4,ISIN16501
0,ISIN16502
0,ISIN16503
0,ISIN16504
0,ISIN16505
0,ISIN16506
0,ISIN16507
0,ISIN16508
0,ISIN16509
0,ISIN16510
0,ISIN16511
0,ISIN16512
0,ISIN16513
0,ISIN16514
0,ISIN16515
0,ISIN16516
13,ISIN16517
13,ISIN16518
7,ISIN16519
7,ISIN16520
7,ISIN16521
7,ISIN16522
7,ISIN16523
0,ISIN16524
0,ISIN16525
0,ISIN16526
7,ISIN16527
0,ISIN16528
0,ISIN16529
7,ISIN16530
7,ISIN16531
7,ISIN16532
6,ISIN16533
7,ISIN16534
7,ISIN16535
7,ISIN16536
7,ISIN16537
7,ISIN16538
7,ISIN16539
7,ISIN16540
7,ISIN16541
0,ISIN16542
0,ISIN16543
0,ISIN16544
0,ISIN16545
3,ISIN16546
3,ISIN16556
3,ISIN16557
3,ISIN16558
3,ISIN16559
3,ISIN16560
3,ISIN16561
0,ISIN16562
0,ISIN16563
2,ISIN16564
0,ISIN16565
0,ISIN16566
9,ISIN16567
2,ISIN16568
0,ISIN16569
0,ISIN16570
0,ISIN16571
0,ISIN16572
2,ISIN16573
2,ISIN16574
2,ISIN16575
2,ISIN16576
6,ISIN16577
1,ISIN16578
0,ISIN16580
1,ISIN16581
0,ISIN16582
0,ISIN16583
1,ISIN16584
0,ISIN16585
0,ISIN16586
0,ISIN16587
0,ISIN16588
0,ISIN16589
0,ISIN16590
0,ISIN16591
0,ISIN16592
0,ISIN16593
0,ISIN16594
0,ISIN16595
0,ISIN16596
0,ISIN16597
0,ISIN16598
0,ISIN16599
0,ISIN16600
0,ISIN16601
0,ISIN16602
0,ISIN16603
0,ISIN16604
0,ISIN16605
0,ISIN16606
0,ISIN16607
0,ISIN16608
0,ISIN16609
0,ISIN16611
0,ISIN16612
0,ISIN16613
0,ISIN16614
0,ISIN16615
0,ISIN16616
0,ISIN16617
0,ISIN16619
0,ISIN16620
0,ISIN16621
0,ISIN16622
0,ISIN16623
0,ISIN16624
2,ISIN16625
2,ISIN16626
2,ISIN16627
2,ISIN16628
2,ISIN16629
0,ISIN16630
9,ISIN16632
9,ISIN16633
9,ISIN16634
0,ISIN16635
0,ISIN16637
3,ISIN16638
3,ISIN16639
3,ISIN16640
3,ISIN16641
3,ISIN16642
3,ISIN16643
3,ISIN16644
3,ISIN16645
3,ISIN16646
3,ISIN16647
3,ISIN16648
3,ISIN16649
3,ISIN16650
3,ISIN16651
3,ISIN16652
3,ISIN16653
3,ISIN16654
3,ISIN16655
3,ISIN16656
0,ISIN16657
0,ISIN16671
0,ISIN16672
0,ISIN16673
0,ISIN16674
0,ISIN16675
0,ISIN16676
0,ISIN16677
3,ISIN16678
3,ISIN16679
0,ISIN16680
0,ISIN16683
0,ISIN16684
4,ISIN16685
12,ISIN16686
4,ISIN16687
4,ISIN16688
12,ISIN16689
12,ISIN16690
12,ISIN16691
3,ISIN16692
3,ISIN16693
3,ISIN16694
3,ISIN16695
0,ISIN16696
0,ISIN16698
0,ISIN16699
0,ISIN16700
4,ISIN16701
4,ISIN16702
4,ISIN16703
4,ISIN16704
4,ISIN16705
4,ISIN16706
4,ISIN16707
4,ISIN16708
4,ISIN16709
4,ISIN16710
0,ISIN16711
0,ISIN16712
0,ISIN16713
0,ISIN16716
1,ISIN16717
0,ISIN16719
1,ISIN16720
1,ISIN16721
1,ISIN16722
1,ISIN16723
1,ISIN16724
1,ISIN16725
1,ISIN16726
1,ISIN16727
1,ISIN16728
0,ISIN16729
0,ISIN16732
1,ISIN16733
1,ISIN16734
0,ISIN16735
0,ISIN16736
1,ISIN16737
2,ISIN16738
0,ISIN16739
0,ISIN16740
0,ISIN16741
0,ISIN16742
0,ISIN16743
0,ISIN16744
0,ISIN16745
0,ISIN16746
1,ISIN16747
0,ISIN16748
0,ISIN16749
3,ISIN16750
3,ISIN16751
3,ISIN16752
3,ISIN16753
3,ISIN16754
3,ISIN16755
0,ISIN16756
0,ISIN16757
3,ISIN16758
3,ISIN16759
3,ISIN16760
3,ISIN16761
3,ISIN16762
3,ISIN16763
3,ISIN16764
3,ISIN16765
0,ISIN16766
15,ISIN16768
0,ISIN16769
0,ISIN16770
6,ISIN16771
6,ISIN16772
6,ISIN16773
3,ISIN16774
3,ISIN16775
0,ISIN16776
1,ISIN16777
0,ISIN16778
0,ISIN16779
0,ISIN16780
0,ISIN16781
0,ISIN16782
0,ISIN16783
0,ISIN16784
0,ISIN16785
0,ISIN16786
0,ISIN16787
0,ISIN16788
0,ISIN16789
0,ISIN16790
0,ISIN16791
0,ISIN16792
0,ISIN16793
0,ISIN16794
0,ISIN16795
0,ISIN16796
0,ISIN16797
0,ISIN16798
0,ISIN16799
0,ISIN16800
6,ISIN16801
6,ISIN16802
0,ISIN16803
0,ISIN16804
0,ISIN16805
0,ISIN16806
0,ISIN16807
4,ISIN16808
0,ISIN16809
4,ISIN16810
0,ISIN16811
0,ISIN16812
6,ISIN16813
3,ISIN16814
3,ISIN16815
0,ISIN16816
2,ISIN16817
0,ISIN16818
0,ISIN16819
0,ISIN16820
0,ISIN16821
8,ISIN16823
8,ISIN16824
8,ISIN16825
8,ISIN16826
8,ISIN16827
8,ISIN16828
8,ISIN16829
8,ISIN16830
8,ISIN16831
8,ISIN16832
8,ISIN16833
8,ISIN16834
0,ISIN16835
0,ISIN16836
9,ISIN16837
0,ISIN16838
0,ISIN16839
0,ISIN16840
0,ISIN16842
9,ISIN16843
0,ISIN16844
9,ISIN16845
0,ISIN16846
0,ISIN16847
15,ISIN16848
15,ISIN16849
15,ISIN16850
2,ISIN16851
0,ISIN16854
0,ISIN16855
0,ISIN16856
0,ISIN16857
0,ISIN16858
0,ISIN16859
0,ISIN16860
0,ISIN16861
0,ISIN16862
0,ISIN16863
0,ISIN16864
0,ISIN16865
0,ISIN16866
0,ISIN16867
0,ISIN16868
0,ISIN16869
14,ISIN16870
14,ISIN16871
14,ISIN16872
10,ISIN16873
10,ISIN16874
10,ISIN16875
10,ISIN16876
0,ISIN16877
0,ISIN16878
10,ISIN16879
0,ISIN16880
2,ISIN16881
2,ISIN16882
2,ISIN16883
2,ISIN16884
2,ISIN16885
2,ISIN16886
2,ISIN16887
2,ISIN16888
2,ISIN16889
2,ISIN16890
2,ISIN16891
2,ISIN16892
0,ISIN16893
9,ISIN16894
0,ISIN16896
1,ISIN16897
3,ISIN16898
3,ISIN16899
3,ISIN16900
0,ISIN16901
0,ISIN16902
0,ISIN16903
0,ISIN16904
0,ISIN16905
0,ISIN16906
0,ISIN16907
0,ISIN16908
0,ISIN16909
0,ISIN16910
0,ISIN16911
0,ISIN16912
0,ISIN16913
0,ISIN16914
0,ISIN16915
0,ISIN16916
6,ISIN16917
6,ISIN16918
6,ISIN16920
6,ISIN16921
6,ISIN16922
6,ISIN16923
6,ISIN16924
6,ISIN16925
9,ISIN16926
6,ISIN16927
6,ISIN16928
6,ISIN16929
6,ISIN16930
6,ISIN16931
6,ISIN16932
6,ISIN16933
6,ISIN16934
0,ISIN16935
6,ISIN16936
6,ISIN16937
0,ISIN16938
0,ISIN16939
0,ISIN16940
0,ISIN16941
0,ISIN16942
0,ISIN16943
0,ISIN16944
0,ISIN16945
0,ISIN16946
0,ISIN16947
0,ISIN16948
0,ISIN16949
0,ISIN16950
0,ISIN16951
0,ISIN16952
0,ISIN16953
0,ISIN16954
0,ISIN16955
0,ISIN16956
0,ISIN16957
0,ISIN16958
0,ISIN16959
0,ISIN16960
0,ISIN16961
0,ISIN16962
9,ISIN16963
0,ISIN16967
10,ISIN16968
10,ISIN16969
10,ISIN16970
4,ISIN16971
4,ISIN16972
4,ISIN16973
4,ISIN16974
4,ISIN16975
0,ISIN16976
0,ISIN16977
0,ISIN16978
0,ISIN16980
0,ISIN16981
0,ISIN16982
0,ISIN16983
0,ISIN16984
0,ISIN16985
0,ISIN16986
0,ISIN16987
0,ISIN16988
0,ISIN16989
0,ISIN16990
10,ISIN16991
10,ISIN16992
10,ISIN16993
10,ISIN16994
0,ISIN16995
0,ISIN16996
0,ISIN16997
0,ISIN16998
0,ISIN16999
1,ISIN17001
15,ISIN17005
15,ISIN17006
15,ISIN17007
15,ISIN17008
15,ISIN17009
15,ISIN17010
0,ISIN17011
4,ISIN17012
0,ISIN17013
0,ISIN17014
6,ISIN17015
6,ISIN17017
6,ISIN17018
6,ISIN17019
6,ISIN17020
6,ISIN17021
0,ISIN17022
15,ISIN17023
0,ISIN17025
2,ISIN17027
2,ISIN17028
0,ISIN17029
2,ISIN17030
0,ISIN17031
0,ISIN17032
0,ISIN17033
0,ISIN17035
0,ISIN17036
0,ISIN17037
0,ISIN17038
0,ISIN17039
0,ISIN17040
0,ISIN17041
0,ISIN17042
0,ISIN17043
2,ISIN17044
0,ISIN17045
0,ISIN17046
0,ISIN17047
6,ISIN17048
6,ISIN17049
6,ISIN17050
6,ISIN17051
0,ISIN17052
0,ISIN17053
6,ISIN17054
0,ISIN17055
0,ISIN17056
0,ISIN17057
6,ISIN17058
2,ISIN17059
2,ISIN17061
2,ISIN17062
2,ISIN17063
2,ISIN17064
2,ISIN17065
2,ISIN17066
2,ISIN17067
2,ISIN17068
0,ISIN17069
2,ISIN17070
0,ISIN17071
6,ISIN17072
6,ISIN17073
6,ISIN17074
6,ISIN17075
6,ISIN17076
6,ISIN17077
6,ISIN17078
6,ISIN17079
6,ISIN17080
6,ISIN17081
6,ISIN17082
6,ISIN17083
6,ISIN17084
6,ISIN17085
6,ISIN17086
6,ISIN17087
6,ISIN17088
6,ISIN17089
6,ISIN17090
6,ISIN17091
6,ISIN17092
6,ISIN17093
6,ISIN17094
6,ISIN17095
6,ISIN17096
6,ISIN17097
6,ISIN17098
6,ISIN17099
6,ISIN17100
6,ISIN17101
6,ISIN17102
6,ISIN17103
6,ISIN17104
6,ISIN17105
6,ISIN17106
6,ISIN17107
6,ISIN17108
6,ISIN17109
6,ISIN17110
6,ISIN17111
6,ISIN17112
0,ISIN17113
0,ISIN17114
5,ISIN17115
9,ISIN17116
9,ISIN17117
9,ISIN17118
9,ISIN17119
9,ISIN17120
9,ISIN17121
0,ISIN17122
0,ISIN17123
0,ISIN17124
0,ISIN17125
0,ISIN17126
0,ISIN17127
0,ISIN17128
3,ISIN17129
3,ISIN17130
3,ISIN17131
2,ISIN17132
0,ISIN17133
0,ISIN17138
3,ISIN17139
0,ISIN17140
0,ISIN17141
0,ISIN17142
0,ISIN17143
0,ISIN17144
0,ISIN17146
4,ISIN17151
4,ISIN17167
0,ISIN17168
0,ISIN17169
0,ISIN17170
0,ISIN17171
0,ISIN17172
0,ISIN17173
0,ISIN17174
0,ISIN17175
0,ISIN17176
0,ISIN17177
0,ISIN17178
0,ISIN17179
0,ISIN17180
0,ISIN17181
0,ISIN17182
0,ISIN17183
6,ISIN17184
6,ISIN17185
0,ISIN17186
0,ISIN17187
12,ISIN17188
0,ISIN17189
2,ISIN17190
2,ISIN17191
2,ISIN17192
0,ISIN17193
2,ISIN17194
2,ISIN17195
2,ISIN17196
2,ISIN17197
0,ISIN17198
0,ISIN17199
2,ISIN17200
2,ISIN17201
2,ISIN17202
0,ISIN17203
2,ISIN17204
2,ISIN17205
2,ISIN17206
0,ISIN17207
2,ISIN17208
0,ISIN17209
2,ISIN17210
2,ISIN17211
0,ISIN17212
2,ISIN17213
2,ISIN17214
2,ISIN17215
2,ISIN17216
2,ISIN17218
2,ISIN17219
2,ISIN17220
2,ISIN17221
2,ISIN17223
2,ISIN17225
0,ISIN17226
0,ISIN17227
5,ISIN17228
0,ISIN17230
0,ISIN17231
0,ISIN17232
0,ISIN17233
3,ISIN17234
0,ISIN17235
4,ISIN17236
4,ISIN17237
4,ISIN17238
4,ISIN17239
4,ISIN17240
0,ISIN17241
4,ISIN17242
4,ISIN17243
4,ISIN17244
4,ISIN17245
0,ISIN17246
0,ISIN17247
0,ISIN17248
0,ISIN17249
0,ISIN17250
4,ISIN17251
0,ISIN17252
0,ISIN17253
4,ISIN17254
4,ISIN17255
4,ISIN17256
0,ISIN17257
0,ISIN17258
0,ISIN17259
0,ISIN17260
0,ISIN17261
0,ISIN17262
4,ISIN17263
4,ISIN17264
4,ISIN17265
4,ISIN17266
4,ISIN17267
4,ISIN17268
0,ISIN17269
0,ISIN17270
0,ISIN17271
0,ISIN17272
0,ISIN17273
0,ISIN17274
0,ISIN17275
0,ISIN17276
0,ISIN17277
0,ISIN17278
0,ISIN17279
0,ISIN17280
5,ISIN17281
0,ISIN17282
0,ISIN17283
5,ISIN17284
5,ISIN17285
5,ISIN17286
0,ISIN17287
0,ISIN17288
0,ISIN17289
0,ISIN17290
0,ISIN17291
0,ISIN17292
0,ISIN17295
0,ISIN17296
0,ISIN17297
0,ISIN17298
0,ISIN17299
0,ISIN17300
0,ISIN17301
0,ISIN17302
0,ISIN17303
0,ISIN17304
0,ISIN17306
9,ISIN17307
0,ISIN17308
0,ISIN17309
0,ISIN17310
0,ISIN17311
0,ISIN17312
0,ISIN17313
0,ISIN17314
0,ISIN17315
5,ISIN17316
5,ISIN17317
5,ISIN17318
0,ISIN17319
0,ISIN17321
2,ISIN17322
0,ISIN17323
6,ISIN17324
6,ISIN17325
6,ISIN17326
6,ISIN17327
6,ISIN17328
6,ISIN17329
6,ISIN17330
6,ISIN17331
6,ISIN17332
6,ISIN17333
6,ISIN17334
6,ISIN17335
6,ISIN17339
6,ISIN17340
6,ISIN17342
6,ISIN17344
6,ISIN17346
6,ISIN17347
6,ISIN17348
6,ISIN17349
6,ISIN17350
6,ISIN17351
6,ISIN17352
6,ISIN17353
6,ISIN17354
6,ISIN17355
6,ISIN17356
6,ISIN17357
0,ISIN17359
0,ISIN17360
0,ISIN17361
0,ISIN17362
0,ISIN17363
0,ISIN17364
0,ISIN17365
0,ISIN17366
0,ISIN17367
9,ISIN17368
9,ISIN17369
9,ISIN17370
0,ISIN17371
0,ISIN17375
0,ISIN17376
0,ISIN17377
0,ISIN17378
0,ISIN17379
0,ISIN17380
3,ISIN17381
3,ISIN17382
3,ISIN17383
3,ISIN17385
3,ISIN17386
3,ISIN17387
3,ISIN17388
3,ISIN17389
3,ISIN17390
3,ISIN17391
3,ISIN17392
3,ISIN17393
3,ISIN17394
3,ISIN17395
14,ISIN17396
14,ISIN17398
0,ISIN17399
0,ISIN17400
0,ISIN17403
4,ISIN17588
4,ISIN17721
4,ISIN17722
0,ISIN17723
0,ISIN17724
3,ISIN17725
3,ISIN17726
0,ISIN17727
8,ISIN17728
8,ISIN17729
0,ISIN17731
0,ISIN17732
0,ISIN17733
0,ISIN17734
0,ISIN17735
0,ISIN17736
0,ISIN17737
0,ISIN17738
0,ISIN17739
1,ISIN17740
1,ISIN17743
1,ISIN17744
1,ISIN17745
1,ISIN17747
13,ISIN17748
13,ISIN17749
13,ISIN17750
13,ISIN17751
13,ISIN17752
0,ISIN17753
1,ISIN17754
13,ISIN17755
13,ISIN17757
13,ISIN17758
13,ISIN17759
13,ISIN17760
13,ISIN17761
13,ISIN17762
13,ISIN17763
13,ISIN17764
0,ISIN17765
0,ISIN17766
0,ISIN17771
4,ISIN17772
11,ISIN17773
11,ISIN17774
0,ISIN17775
0,ISIN17776
0,ISIN17778
0,ISIN17779
0,ISIN17780
0,ISIN17781
0,ISIN17782
0,ISIN17783
1,ISIN17784
1,ISIN17785
1,ISIN17786
4,ISIN17787
4,ISIN17791
4,ISIN17792
4,ISIN17793
5,ISIN17794
5,ISIN17795
5,ISIN17796
5,ISIN17797
5,ISIN17798
5,ISIN17799
5,ISIN17800
5,ISIN17801
5,ISIN17802
2,ISIN17803
2,ISIN17805
2,ISIN17806
2,ISIN17807
2,ISIN17808
2,ISIN17809
2,ISIN17810
2,ISIN17811
2,ISIN17812
2,ISIN17813
2,ISIN17814
2,ISIN17815
2,ISIN17816
2,ISIN17817
2,ISIN17818
2,ISIN17819
2,ISIN17820
2,ISIN17821
2,ISIN17822
2,ISIN17823
2,ISIN17824
2,ISIN17825
2,ISIN17826
2,ISIN17827
2,ISIN17828
2,ISIN17829
2,ISIN17830
2,ISIN17831
2,ISIN17832
2,ISIN17833
0,ISIN17834
2,ISIN17835
0,ISIN17836
0,ISIN17837
0,ISIN17838
0,ISIN17839
0,ISIN17840
4,ISIN17841
4,ISIN17842
4,ISIN17843
4,ISIN17844
0,ISIN17845
0,ISIN17846
0,ISIN17847
1,ISIN17848
7,ISIN17849
0,ISIN17851
13,ISIN17852
13,ISIN17853
13,ISIN17854
13,ISIN17855
13,ISIN17856
13,ISIN17857
13,ISIN17858
13,ISIN17859
13,ISIN17860
0,ISIN17861
0,ISIN17862
0,ISIN17869
14,ISIN17870
0,ISIN17871
0,ISIN17872
0,ISIN17873
0,ISIN17874
0,ISIN17875
0,ISIN17877
0,ISIN17878
0,ISIN17879
0,ISIN17880
0,ISIN17881
0,ISIN17882
0,ISIN17883
0,ISIN17884
0,ISIN17885
0,ISIN17886
0,ISIN17887
0,ISIN17888
0,ISIN17889
0,ISIN17890
1,ISIN17891
0,ISIN17892
0,ISIN17893
0,ISIN17894
0,ISIN17895
0,ISIN17896
1,ISIN17897
1,ISIN17898
1,ISIN17899
6,ISIN17900
0,ISIN17901
0,ISIN17902
0,ISIN17903
0,ISIN17904
0,ISIN17905
0,ISIN17906
8,ISIN17907
8,ISIN17908
6,ISIN17909
6,ISIN17910
8,ISIN17911
6,ISIN17912
6,ISIN17913
0,ISIN17914
6,ISIN17915
6,ISIN17916
0,ISIN17917
0,ISIN17919
0,ISIN17920
0,ISIN17921
0,ISIN17922
0,ISIN17923
0,ISIN17924
0,ISIN17925
0,ISIN17926
0,ISIN17927
0,ISIN17928
0,ISIN17929
0,ISIN17930
0,ISIN17931
0,ISIN17932
0,ISIN17933
0,ISIN17934
0,ISIN17935
0,ISIN17936
0,ISIN17937
0,ISIN17938
0,ISIN17939
0,ISIN17940
0,ISIN17941
0,ISIN17942
0,ISIN17943
0,ISIN17944
0,ISIN17945
0,ISIN17946
0,ISIN17947
0,ISIN17948
0,ISIN17949
0,ISIN17950
0,ISIN17951
0,ISIN17952
0,ISIN17953
0,ISIN17954
0,ISIN17955
0,ISIN17956
0,ISIN17957
0,ISIN17958
0,ISIN17959
0,ISIN17960
0,ISIN17961
0,ISIN17962
0,ISIN17963
0,ISIN17964
0,ISIN17965
0,ISIN17966
0,ISIN17967
0,ISIN17968
0,ISIN17969
0,ISIN17970
0,ISIN17971
0,ISIN17972
0,ISIN17974
0,ISIN17975
0,ISIN17976
0,ISIN17977
0,ISIN17978
0,ISIN17979
0,ISIN17980
0,ISIN17981
0,ISIN17983
0,ISIN17984
0,ISIN17985
0,ISIN17986
0,ISIN17989
0,ISIN17990
0,ISIN17991
0,ISIN17992
0,ISIN17993
0,ISIN17994
0,ISIN17995
0,ISIN17996
3,ISIN17997
3,ISIN17998
3,ISIN17999
3,ISIN18000
9,ISIN18001
0,ISIN18002
0,ISIN18003
13,ISIN18004
5,ISIN18005
2,ISIN18006
2,ISIN18007
2,ISIN18008
0,ISIN18009
10,ISIN18010
10,ISIN18011
10,ISIN18013
10,ISIN18014
0,ISIN18015
10,ISIN18016
10,ISIN18017
10,ISIN18018
10,ISIN18019
10,ISIN18020
4,ISIN18021
4,ISIN18022
4,ISIN18023
4,ISIN18024
4,ISIN18025
4,ISIN18026
4,ISIN18027
4,ISIN18028
4,ISIN18029
1,ISIN18030
1,ISIN18031
0,ISIN18032
0,ISIN18033
0,ISIN18034
4,ISIN18035
4,ISIN18036
4,ISIN18037
4,ISIN18038
4,ISIN18039
4,ISIN18040
0,ISIN18041
0,ISIN18042
0,ISIN18043
0,ISIN18044
0,ISIN18046
10,ISIN18047
14,ISIN18049
14,ISIN18050
14,ISIN18051
14,ISIN18052
14,ISIN18053
14,ISIN18054
14,ISIN18055
14,ISIN18056
0,ISIN18057
14,ISIN18058
14,ISIN18059
14,ISIN18060
0,ISIN18061
0,ISIN18062
0,ISIN18063
0,ISIN18064
6,ISIN18065
6,ISIN18066
6,ISIN18067
6,ISIN18068
6,ISIN18069
6,ISIN18070
6,ISIN18071
6,ISIN18072
6,ISIN18073
6,ISIN18074
6,ISIN18075
6,ISIN18076
6,ISIN18077
6,ISIN18078
6,ISIN18079
6,ISIN18080
6,ISIN18081
6,ISIN18082
6,ISIN18083
6,ISIN18084
6,ISIN18085
6,ISIN18086
6,ISIN18087
6,ISIN18088
6,ISIN18089
6,ISIN18090
6,ISIN18091
6,ISIN18092
6,ISIN18093
6,ISIN18094
6,ISIN18095
6,ISIN18096
6,ISIN18097
6,ISIN18098
6,ISIN18099
6,ISIN18100
6,ISIN18101
6,ISIN18102
6,ISIN18103
6,ISIN18104
6,ISIN18105
6,ISIN18106
6,ISIN18107
6,ISIN18108
0,ISIN18109
0,ISIN18110
0,ISIN18111
0,ISIN18112
0,ISIN18113
6,ISIN18114
6,ISIN18117
6,ISIN18118
6,ISIN18119
6,ISIN18120
0,ISIN18121
0,ISIN18122
6,ISIN18123
6,ISIN18124
6,ISIN18125
6,ISIN18126
6,ISIN18127
6,ISIN18128
6,ISIN18129
6,ISIN18130
6,ISIN18131
6,ISIN18132
6,ISIN18133
6,ISIN18134
6,ISIN18135
6,ISIN18136
6,ISIN18137
6,ISIN18138
6,ISIN18139
6,ISIN18140
0,ISIN18141
6,ISIN18144
6,ISIN18145
0,ISIN18146
0,ISIN18151
0,ISIN18152
0,ISIN18153
0,ISIN18154
8,ISIN18155
8,ISIN18156
8,ISIN18157
8,ISIN18158
5,ISIN18159
5,ISIN18160
5,ISIN18161
5,ISIN18162
5,ISIN18163
5,ISIN18164
5,ISIN18165
5,ISIN18166
5,ISIN18167
5,ISIN18168
5,ISIN18169
5,ISIN18170
5,ISIN18171
5,ISIN18172
5,ISIN18173
5,ISIN18174
5,ISIN18175
7,ISIN18176
9,ISIN18178
0,ISIN18179
0,ISIN18180
0,ISIN18181
0,ISIN18182
0,ISIN18183
2,ISIN18184
6,ISIN18185
6,ISIN18186
6,ISIN18187
6,ISIN18188
6,ISIN18189
6,ISIN18190
6,ISIN18191
6,ISIN18192
6,ISIN18193
6,ISIN18194
6,ISIN18195
6,ISIN18196
6,ISIN18197
0,ISIN18198
0,ISIN18199
0,ISIN18200
0,ISIN18201
0,ISIN18202
0,ISIN18203
0,ISIN18204
0,ISIN18205
0,ISIN18206
0,ISIN18207
0,ISIN18208
0,ISIN18209
0,ISIN18210
0,ISIN18211
5,ISIN18212
10,ISIN18213
10,ISIN18214
0,ISIN18215
0,ISIN18216
0,ISIN18217
0,ISIN18218
0,ISIN18219
0,ISIN18220
0,ISIN18221
0,ISIN18222
0,ISIN18223
0,ISIN18224
0,ISIN18225
0,ISIN18226
6,ISIN18227
6,ISIN18228
6,ISIN18229
6,ISIN18230
6,ISIN18231
0,ISIN18232
0,ISIN18233
1,ISIN18234
1,ISIN18235
1,ISIN18236
1,ISIN18237
1,ISIN18239
1,ISIN18240
1,ISIN18241
0,ISIN18242
2,ISIN18243
2,ISIN18244
2,ISIN18245
2,ISIN18246
2,ISIN18247
2,ISIN18248
2,ISIN18249
2,ISIN18250
2,ISIN18251
2,ISIN18252
2,ISIN18253
2,ISIN18254
2,ISIN18255
2,ISIN18256
2,ISIN18257
2,ISIN18258
2,ISIN18259
0,ISIN18260
0,ISIN18261
2,ISIN18262
0,ISIN18263
0,ISIN18264
0,ISIN18265
0,ISIN18266
0,ISIN18267
0,ISIN18268
2,ISIN18269
2,ISIN18270
0,ISIN18271
0,ISIN18272
0,ISIN18273
2,ISIN18274
0,ISIN18275
0,ISIN18276
0,ISIN18277
0,ISIN18278
0,ISIN18279
0,ISIN18281
1,ISIN18282
0,ISIN18283
0,ISIN18285
0,ISIN18286
0,ISIN18287
0,ISIN18288
0,ISIN18289
0,ISIN18290
0,ISIN18291
0,ISIN18292
0,ISIN18293
0,ISIN18294
0,ISIN18295
0,ISIN18296
2,ISIN18297
2,ISIN18298
2,ISIN18299
2,ISIN18300
0,ISIN18301
0,ISIN18302
4,ISIN18303
4,ISIN18304
0,ISIN18305
0,ISIN18306
1,ISIN18307
1,ISIN18308
1,ISIN18309
1,ISIN18310
0,ISIN18311
0,ISIN18313
0,ISIN18314
0,ISIN18315
0,ISIN18316
0,ISIN18317
0,ISIN18318
0,ISIN18319
0,ISIN18320
0,ISIN18321
0,ISIN18322
0,ISIN18323
0,ISIN18324
0,ISIN18325
0,ISIN18326
0,ISIN18327
0,ISIN18328
0,ISIN18329
0,ISIN18330
0,ISIN18331
0,ISIN18332
0,ISIN18333
1,ISIN18334
1,ISIN18335
1,ISIN18336
1,ISIN18338
1,ISIN18339
1,ISIN18340
1,ISIN18341
1,ISIN18342
1,ISIN18343
1,ISIN18344
1,ISIN18345
1,ISIN18346
1,ISIN18347
1,ISIN18348
1,ISIN18349
1,ISIN18350
1,ISIN18351
1,ISIN18352
1,ISIN18353
1,ISIN18354
1,ISIN18355
1,ISIN18356
1,ISIN18357
1,ISIN18358
1,ISIN18359
1,ISIN18360
0,ISIN18361
1,ISIN18362
1,ISIN18363
1,ISIN18364
1,ISIN18372
1,ISIN18373
1,ISIN18374
1,ISIN18377
1,ISIN18381
1,ISIN18382
1,ISIN18385
1,ISIN18388
1,ISIN18399
1,ISIN18400
1,ISIN18407
1,ISIN18409
1,ISIN18419
1,ISIN18426
1,ISIN18430
1,ISIN18431
1,ISIN18432
1,ISIN18433
1,ISIN18434
1,ISIN18435
1,ISIN18438
1,ISIN18439
1,ISIN18441
1,ISIN18442
1,ISIN18443
1,ISIN18446
1,ISIN18449
1,ISIN18451
1,ISIN18454
1,ISIN18455
1,ISIN18457
1,ISIN18458
1,ISIN18459
1,ISIN18461
1,ISIN18462
1,ISIN18463
1,ISIN18465
1,ISIN18466
1,ISIN18469
1,ISIN18470
1,ISIN18471
1,ISIN18473
1,ISIN18476
1,ISIN18479
1,ISIN18481
1,ISIN18482
1,ISIN18483
1,ISIN18484
1,ISIN18490
1,ISIN18498
1,ISIN18512
14,ISIN18518
0,ISIN18526
0,ISIN18527
0,ISIN18528
0,ISIN18529
0,ISIN18530
0,ISIN18531
5,ISIN18532
5,ISIN18540
5,ISIN18541
5,ISIN18542
5,ISIN18544
5,ISIN18545
5,ISIN18546
3,ISIN18547
0,ISIN18548
0,ISIN18553
0,ISIN18554
4,ISIN18555
0,ISIN18556
5,ISIN18557
0,ISIN18559
0,ISIN18560
0,ISIN18561
0,ISIN18562
0,ISIN18563
0,ISIN18564
0,ISIN18565
0,ISIN18566
0,ISIN18567
6,ISIN18568
0,ISIN18569
0,ISIN18570
3,ISIN18571
3,ISIN18572
3,ISIN18573
3,ISIN18574
3,ISIN18575
3,ISIN18576
3,ISIN18577
3,ISIN18578
3,ISIN18579
3,ISIN18580
3,ISIN18581
3,ISIN18582
3,ISIN18583
3,ISIN18584
3,ISIN18585
3,ISIN18586
3,ISIN18588
3,ISIN18589
3,ISIN18590
3,ISIN18591
3,ISIN18592
3,ISIN18593
3,ISIN18594
3,ISIN18595
3,ISIN18596
3,ISIN18597
3,ISIN18598
3,ISIN18599
3,ISIN18600
3,ISIN18601
3,ISIN18602
3,ISIN18603
3,ISIN18604
2,ISIN18605
2,ISIN18618
2,ISIN18619
2,ISIN18620
0,ISIN18621
1,ISIN18626
1,ISIN18627
1,ISIN18628
1,ISIN18629
1,ISIN18630
1,ISIN18631
1,ISIN18632
1,ISIN18633
14,ISIN18634
0,ISIN18635
0,ISIN18636
0,ISIN18637
0,ISIN18638
0,ISIN18639
0,ISIN18640
0,ISIN18641
0,ISIN18642
0,ISIN18643
0,ISIN18644
0,ISIN18645
0,ISIN18646
0,ISIN18647
0,ISIN18648
0,ISIN18649
0,ISIN18650
0,ISIN18651
0,ISIN18652
2,ISIN18653
1,ISIN18654
0,ISIN18655
0,ISIN18656
2,ISIN18657
9,ISIN18658
2,ISIN18659
9,ISIN18660
9,ISIN18661
0,ISIN18662
0,ISIN18663
0,ISIN18664
0,ISIN18665
12,ISIN18666
0,ISIN18667
0,ISIN18668
0,ISIN18669
4,ISIN18670
0,ISIN18671
4,ISIN18672
0,ISIN18673
0,ISIN18674
0,ISIN18675
4,ISIN18676
4,ISIN18677
4,ISIN18678
4,ISIN18679
4,ISIN18680
4,ISIN18681
4,ISIN18682
4,ISIN18683
4,ISIN18684
4,ISIN18685
4,ISIN18686
4,ISIN18687
4,ISIN18688
4,ISIN18689
4,ISIN18690
0,ISIN18691
0,ISIN18692
0,ISIN18693
0,ISIN18694
0,ISIN18696
6,ISIN18697
0,ISIN18699
0,ISIN18700
0,ISIN18701
0,ISIN18702
0,ISIN18703
0,ISIN18704
0,ISIN18706
0,ISIN18707
0,ISIN18708
0,ISIN18709
0,ISIN18710
0,ISIN18711
0,ISIN18712
0,ISIN18713
0,ISIN18714
0,ISIN18715
0,ISIN18716
0,ISIN18717
0,ISIN18718
0,ISIN18719
0,ISIN18720
0,ISIN18721
0,ISIN18723
0,ISIN18724
0,ISIN18725
0,ISIN18726
0,ISIN18727
12,ISIN18728
9,ISIN18729
0,ISIN18730
0,ISIN18735
0,ISIN18736
9,ISIN18737
2,ISIN18738
2,ISIN18739
2,ISIN18740
4,ISIN18741
0,ISIN18749
0,ISIN18750
0,ISIN18751
0,ISIN18752
0,ISIN18753
0,ISIN18754
0,ISIN18755
0,ISIN18756
0,ISIN18757
0,ISIN18758
2,ISIN18759
2,ISIN18760
2,ISIN18761
2,ISIN18762
2,ISIN18763
0,ISIN18764
0,ISIN18765
12,ISIN18766
0,ISIN18767
0,ISIN18768
0,ISIN18769
3,ISIN18770
3,ISIN18772
0,ISIN18773
0,ISIN18774
4,ISIN18775
4,ISIN18776
4,ISIN18777
4,ISIN18778
4,ISIN18779
4,ISIN18780
6,ISIN18781
6,ISIN18782
6,ISIN18783
6,ISIN18784
6,ISIN18785
6,ISIN18786
6,ISIN18787
6,ISIN18788
6,ISIN18789
6,ISIN18790
6,ISIN18791
6,ISIN18792
6,ISIN18793
6,ISIN18794
0,ISIN18795
0,ISIN18796
4,ISIN18797
4,ISIN18798
4,ISIN18799
4,ISIN18800
4,ISIN18801
4,ISIN18802
4,ISIN18803
0,ISIN18804
3,ISIN18805
3,ISIN18806
0,ISIN18807
3,ISIN18808
0,ISIN18809
0,ISIN18812
0,ISIN18813
0,ISIN18814
0,ISIN18815
0,ISIN18816
0,ISIN18818
2,ISIN18819
0,ISIN18820
0,ISIN18821
0,ISIN18822
0,ISIN18823
0,ISIN18824
0,ISIN18825
0,ISIN18826
3,ISIN18827
0,ISIN18828
9,ISIN18829
0,ISIN18830
0,ISIN18831
0,ISIN18832
0,ISIN18833
0,ISIN18834
2,ISIN18835
0,ISIN18836
2,ISIN18837
2,ISIN18838
2,ISIN18839
2,ISIN18840
2,ISIN18841
2,ISIN18842
2,ISIN18843
2,ISIN18844
2,ISIN18845
2,ISIN18846
1,ISIN18847
1,ISIN18850
1,ISIN18851
1,ISIN18852
0,ISIN18853
0,ISIN18854
1,ISIN18855
0,ISIN18856
2,ISIN18857
2,ISIN18858
2,ISIN18859
2,ISIN18860
0,ISIN18861
13,ISIN18862
13,ISIN18863
7,ISIN18864
13,ISIN18865
13,ISIN18866
0,ISIN18868
0,ISIN18869
0,ISIN18870
8,ISIN18871
8,ISIN18872
8,ISIN18873
8,ISIN18874
8,ISIN18875
8,ISIN18876
0,ISIN18877
8,ISIN18878
8,ISIN18879
0,ISIN18880
0,ISIN18881
4,ISIN18882
4,ISIN18883
3,ISIN18884
3,ISIN18886
3,ISIN18887
0,ISIN18888
0,ISIN18889
12,ISIN18891
0,ISIN18892
0,ISIN18893
0,ISIN18894
12,ISIN18895
12,ISIN18896
0,ISIN18897
0,ISIN18899
0,ISIN18901
0,ISIN18905
0,ISIN18908
0,ISIN18911
0,ISIN18912
0,ISIN18913
0,ISIN18914
0,ISIN18915
0,ISIN18916
0,ISIN18917
0,ISIN18919
0,ISIN18920
0,ISIN18921
0,ISIN18922
0,ISIN18923
0,ISIN18924
0,ISIN18926
0,ISIN18930
0,ISIN18931
10,ISIN18932
10,ISIN18933
6,ISIN18934
10,ISIN18935
10,ISIN18936
10,ISIN18937
10,ISIN18938
10,ISIN18939
2,ISIN18940
4,ISIN18941
4,ISIN18942
4,ISIN18943
4,ISIN18944
4,ISIN18945
4,ISIN18946
4,ISIN18947
0,ISIN18948
0,ISIN18949
0,ISIN18951
0,ISIN18952
0,ISIN18953
0,ISIN18954
0,ISIN18955
0,ISIN18956
0,ISIN18959
0,ISIN18962
3,ISIN18963
0,ISIN18968
5,ISIN18971
5,ISIN18972
5,ISIN18973
5,ISIN18974
5,ISIN18975
5,ISIN18976
5,ISIN18977
5,ISIN18978
3,ISIN18979
3,ISIN18980
0,ISIN18981
0,ISIN18982
0,ISIN18983
2,ISIN18984
0,ISIN18985
0,ISIN18987
0,ISIN18988
2,ISIN18989
2,ISIN18990
2,ISIN18991
2,ISIN18992
2,ISIN18993
9,ISIN18994
3,ISIN18995
3,ISIN18997
2,ISIN19000
0,ISIN19001
7,ISIN19002
0,ISIN19003
0,ISIN19004
0,ISIN19005
0,ISIN19006
9,ISIN19008
9,ISIN19009
9,ISIN19011
9,ISIN19012
2,ISIN19013
0,ISIN19015
13,ISIN19016
2,ISIN19017
2,ISIN19018
2,ISIN19019
2,ISIN19020
2,ISIN19021
2,ISIN19022
2,ISIN19023
4,ISIN19024
6,ISIN19025
6,ISIN19026
6,ISIN19027
6,ISIN19028
0,ISIN19029
0,ISIN19030
0,ISIN19031
0,ISIN19032
0,ISIN19034
4,ISIN19035
11,ISIN19038
11,ISIN19039
11,ISIN19040
11,ISIN19041
0,ISIN19042
3,ISIN19043
3,ISIN19044
3,ISIN19045
10,ISIN19046
10,ISIN19053
0,ISIN19054
6,ISIN19055
0,ISIN19056
3,ISIN19057
3,ISIN19062
3,ISIN19063
11,ISIN19064
11,ISIN19065
11,ISIN19066
11,ISIN19068
11,ISIN19069
11,ISIN19071
11,ISIN19072
11,ISIN19073
5,ISIN19074
2,ISIN19075
2,ISIN19076
2,ISIN19077
2,ISIN19078
0,ISIN19080
9,ISIN19081
11,ISIN19083
11,ISIN19084
11,ISIN19085
11,ISIN19086
11,ISIN19087
0,ISIN19088
0,ISIN19089
0,ISIN19090
0,ISIN19092
11,ISIN19093
11,ISIN19094
11,ISIN19096
0,ISIN19098
0,ISIN19101
0,ISIN19103
0,ISIN19104
6,ISIN19105
6,ISIN19106
6,ISIN19107
0,ISIN19108
4,ISIN19109
0,ISIN19110
0,ISIN19113
2,ISIN19114
0,ISIN19115
0,ISIN19116
0,ISIN19117
0,ISIN19118
6,ISIN19119
6,ISIN19120
11,ISIN19121
0,ISIN19123
0,ISIN19124
2,ISIN19125
2,ISIN19128
0,ISIN19129
0,ISIN19130
0,ISIN19131
0,ISIN19133
9,ISIN19134
0,ISIN19135
0,ISIN19137
0,ISIN19138
8,ISIN19140
8,ISIN19141
0,ISIN19142
0,ISIN19143
0,ISIN19144
0,ISIN19147
8,ISIN19148
8,ISIN19149
0,ISIN19150
11,ISIN19151
11,ISIN19155
11,ISIN19156
11,ISIN19157
11,ISIN19158
11,ISIN19159
11,ISIN19160
11,ISIN19161
11,ISIN19162
11,ISIN19163
11,ISIN19164
11,ISIN19165
11,ISIN19166
3,ISIN19167
3,ISIN19168
6,ISIN19169
11,ISIN19170
3,ISIN19171
3,ISIN19172
3,ISIN19173
3,ISIN19174
3,ISIN19175
2,ISIN19176
0,ISIN19177
2,ISIN19178
0,ISIN19179
0,ISIN19180
0,ISIN19181
8,ISIN19183
8,ISIN19184
8,ISIN19185
8,ISIN19186
8,ISIN19187
8,ISIN19188
8,ISIN19189
8,ISIN19190
9,ISIN19191
9,ISIN19192
9,ISIN19194
0,ISIN19195
0,ISIN19196
0,ISIN19197
10,ISIN19198
10,ISIN19199
0,ISIN19200
0,ISIN19201
0,ISIN19202
9,ISIN19203
9,ISIN19204
10,ISIN19205
10,ISIN19207
0,ISIN19208
0,ISIN19209
0,ISIN19210
0,ISIN19211
0,ISIN19212
0,ISIN19213
6,ISIN19214
0,ISIN19215
0,ISIN19216
0,ISIN19217
0,ISIN19218
0,ISIN19219
12,ISIN19223
12,ISIN19224
6,ISIN19225
6,ISIN19226
0,ISIN19227
5,ISIN19228
5,ISIN19229
9,ISIN19230
9,ISIN19231
2,ISIN19232
2,ISIN19233
2,ISIN19234
2,ISIN19235
6,ISIN19236
0,ISIN19237
3,ISIN19238
3,ISIN19239
3,ISIN19240
3,ISIN19241
0,ISIN19242
0,ISIN19243
0,ISIN19254
0,ISIN19255
0,ISIN19256
0,ISIN19257
0,ISIN19258
0,ISIN19259
0,ISIN19260
0,ISIN19261
0,ISIN19262
0,ISIN19263
0,ISIN19265
2,ISIN19266
2,ISIN19267
2,ISIN19268
2,ISIN19269
0,ISIN19270
0,ISIN19271
3,ISIN19273
2,ISIN19288
0,ISIN19289
0,ISIN19290
0,ISIN19292
0,ISIN19293
3,ISIN19294
0,ISIN19295
12,ISIN19297
12,ISIN19298
12,ISIN19299
0,ISIN19300
0,ISIN19301
0,ISIN19302
0,ISIN19303
0,ISIN19304
0,ISIN19305
0,ISIN19306
0,ISIN19307
0,ISIN19308
0,ISIN19309
0,ISIN19310
6,ISIN19311
6,ISIN19312
0,ISIN19313
0,ISIN19314
0,ISIN19317
0,ISIN19318
0,ISIN19319
2,ISIN19320
2,ISIN19321
0,ISIN19322
0,ISIN19323
0,ISIN19324
10,ISIN19325
0,ISIN19326
2,ISIN19329
2,ISIN19330
8,ISIN19331
8,ISIN19332
0,ISIN19333
0,ISIN19334
0,ISIN19335
0,ISIN19336
8,ISIN19337
8,ISIN19338
0,ISIN19339
0,ISIN19340
0,ISIN19341
8,ISIN19342
8,ISIN19343
8,ISIN19344
12,ISIN19345
5,ISIN19346
0,ISIN19347
0,ISIN19350
8,ISIN19352
0,ISIN19353
0,ISIN19356
7,ISIN19357
7,ISIN19358
0,ISIN19359
10,ISIN19360
0,ISIN19361
0,ISIN19362
0,ISIN19364
0,ISIN19365
0,ISIN19366
0,ISIN19367
15,ISIN19370
15,ISIN19371
0,ISIN19372
8,ISIN19373
8,ISIN19374
0,ISIN19375
2,ISIN19376
2,ISIN19377
2,ISIN19378
2,ISIN19379
2,ISIN19380
2,ISIN19381
2,ISIN19382
2,ISIN19383
2,ISIN19384
2,ISIN19385
2,ISIN19386
9,ISIN19387
0,ISIN19388
0,ISIN19389
0,ISIN19390
0,ISIN19392
0,ISIN19393
0,ISIN19394
0,ISIN19395
1,ISIN19396
1,ISIN19397
1,ISIN19398
1,ISIN19399
1,ISIN19400
0,ISIN19401
0,ISIN19402
12,ISIN19404
0,ISIN19405
0,ISIN19406
0,ISIN19407
0,ISIN19408
0,ISIN19410
0,ISIN19411
8,ISIN19412
8,ISIN19414
0,ISIN19415
1,ISIN19417
0,ISIN19418
0,ISIN19419
0,ISIN19421
0,ISIN19422
10,ISIN19423
0,ISIN19424
2,ISIN19426
2,ISIN19427
2,ISIN19428
0,ISIN19429
0,ISIN19430
9,ISIN19433
8,ISIN19434
0,ISIN19435
0,ISIN19436
8,ISIN19437
8,ISIN19438
8,ISIN19439
0,ISIN19440
6,ISIN19441
6,ISIN19442
6,ISIN19443
6,ISIN19444
6,ISIN19445
6,ISIN19446
0,ISIN19447
0,ISIN19448
0,ISIN19449
0,ISIN19450
0,ISIN19451
0,ISIN19452
7,ISIN19453
7,ISIN19454
0,ISIN19455
0,ISIN19456
0,ISIN19458
12,ISIN19459
12,ISIN19461
9,ISIN19462
0,ISIN19463
15,ISIN19464
0,ISIN19466
0,ISIN19468
0,ISIN19469
8,ISIN19470
8,ISIN19472
0,ISIN19473
0,ISIN19475
4,ISIN19476
4,ISIN19479
0,ISIN19481
6,ISIN19482
0,ISIN19484
10,ISIN19486
1,ISIN19487
1,ISIN19490
1,ISIN19491
1,ISIN19492
1,ISIN19493
1,ISIN19494
1,ISIN19495
1,ISIN19496
1,ISIN19497
1,ISIN19498
1,ISIN19499
1,ISIN19500
1,ISIN19502
1,ISIN19504
1,ISIN19505
1,ISIN19506
0,ISIN19507
0,ISIN19508
0,ISIN19509
0,ISIN19510
1,ISIN19512
1,ISIN19514
1,ISIN19515
1,ISIN19516
0,ISIN19517
0,ISIN19519
0,ISIN19520
0,ISIN19521
10,ISIN19522
10,ISIN19525
0,ISIN19527
0,ISIN19528
2,ISIN19529
2,ISIN19530
0,ISIN19531
4,ISIN19532
4,ISIN19533
10,ISIN19534
10,ISIN19536
10,ISIN19537
15,ISIN19538
0,ISIN19539
0,ISIN19540
0,ISIN19541
0,ISIN19542
10,ISIN19543
2,ISIN19544
2,ISIN19545
2,ISIN19546
0,ISIN19547
0,ISIN19548
0,ISIN19549
0,ISIN19550
12,ISIN19551
12,ISIN19552
8,ISIN19553
8,ISIN19554
0,ISIN19555
0,ISIN19556
0,ISIN19557
0,ISIN19558
0,ISIN19559
0,ISIN19560
2,ISIN19561
2,ISIN19566
2,ISIN19567
2,ISIN19568
2,ISIN19569
0,ISIN19570
0,ISIN19571
0,ISIN19572
8,ISIN19573
8,ISIN19574
8,ISIN19575
8,ISIN19576
0,ISIN19577
12,ISIN19578
0,ISIN19579
2,ISIN19580
2,ISIN19581
0,ISIN19582
12,ISIN19583
6,ISIN19584
6,ISIN19585
0,ISIN19586
1,ISIN19588
0,ISIN19589
2,ISIN19590
2,ISIN19591
9,ISIN19592
9,ISIN19605
10,ISIN19606
0,ISIN19607
0,ISIN19608
12,ISIN19612
0,ISIN19613
9,ISIN19614
0,ISIN19615
0,ISIN19616
2,ISIN19617
2,ISIN19618
2,ISIN19619
2,ISIN19620
2,ISIN19621
2,ISIN19622
2,ISIN19623
2,ISIN19624
4,ISIN19625
15,ISIN19626
15,ISIN19628
0,ISIN19629
0,ISIN19632
0,ISIN19635
0,ISIN19636
9,ISIN19637
0,ISIN19638
0,ISIN19639
8,ISIN19640
7,ISIN19641
7,ISIN19642
0,ISIN19643
0,ISIN19644
8,ISIN19645
7,ISIN19646
7,ISIN19648
0,ISIN19649
0,ISIN19651
0,ISIN19652
0,ISIN19653
0,ISIN19654
0,ISIN19655
0,ISIN19657
4,ISIN19658
4,ISIN19663
0,ISIN19664
0,ISIN19665
1,ISIN19666
1,ISIN19667
9,ISIN19668
8,ISIN19669
0,ISIN19671
0,ISIN19672
0,ISIN19673
0,ISIN19675
0,ISIN19676
0,ISIN19677
8,ISIN19678
8,ISIN19681
12,ISIN19682
3,ISIN19683
3,ISIN19684
3,ISIN19685
3,ISIN19686
3,ISIN19688
3,ISIN19690
8,ISIN19691
8,ISIN19692
0,ISIN19693
0,ISIN19694
0,ISIN19695
8,ISIN19696
0,ISIN19697
12,ISIN19698
0,ISIN19699
0,ISIN19704
0,ISIN19705
5,ISIN19706
0,ISIN19707
8,ISIN19709
8,ISIN19710
8,ISIN19711
8,ISIN19712
0,ISIN19713
0,ISIN19714
5,ISIN19715
5,ISIN19716
12,ISIN19717
0,ISIN19719
0,ISIN19720
3,ISIN19721
0,ISIN19723
3,ISIN19725
0,ISIN19728
10,ISIN19729
0,ISIN19730
12,ISIN19731
0,ISIN19732
0,ISIN19733
0,ISIN19735
0,ISIN19736
0,ISIN19737
0,ISIN19738
0,ISIN19739
0,ISIN19740
0,ISIN19741
0,ISIN19742
0,ISIN19743
0,ISIN19745
12,ISIN19746
0,ISIN19747
0,ISIN19749
0,ISIN19750
0,ISIN19752
0,ISIN19753
0,ISIN19755
0,ISIN19756
0,ISIN19757
0,ISIN19759
0,ISIN19760
0,ISIN19761
7,ISIN19762
7,ISIN19763
0,ISIN19764
0,ISIN19765
0,ISIN19768
2,ISIN19770
0,ISIN19771
0,ISIN19774
0,ISIN19776
0,ISIN19777
0,ISIN19778
2,ISIN19779
0,ISIN19780
0,ISIN19781
0,ISIN19782
0,ISIN19783
0,ISIN19786
0,ISIN19787
0,ISIN19788
0,ISIN19789
0,ISIN19790
0,ISIN19791
0,ISIN19792
0,ISIN19793
0,ISIN19794
0,ISIN19795
2,ISIN19796
2,ISIN19797
2,ISIN19798
2,ISIN19799
0,ISIN19800
0,ISIN19801
2,ISIN19802
2,ISIN19804
0,ISIN19805
0,ISIN19809
0,ISIN19811
0,ISIN19812
0,ISIN19813
0,ISIN19814
0,ISIN19815
6,ISIN19816
0,ISIN19817
9,ISIN19818
0,ISIN19820
14,ISIN19823
0,ISIN19825
0,ISIN19826
0,ISIN19827
0,ISIN19828
0,ISIN19830
0,ISIN19831
0,ISIN19832
0,ISIN19833
4,ISIN19834
4,ISIN19835
4,ISIN19836
0,ISIN19837
0,ISIN19838
0,ISIN19839
0,ISIN19840
0,ISIN19841
6,ISIN19842
7,ISIN19844
0,ISIN19845
0,ISIN19846
0,ISIN19847
0,ISIN19848
0,ISIN19849
0,ISIN19850
0,ISIN19851
12,ISIN19852
0,ISIN19853
0,ISIN19854
0,ISIN19855
9,ISIN19856
0,ISIN19857
0,ISIN19858
0,ISIN19860
0,ISIN19861
0,ISIN19862
0,ISIN19863
10,ISIN19864
0,ISIN19865
0,ISIN19867
15,ISIN19869
0,ISIN19870
0,ISIN19872
0,ISIN19873
0,ISIN19874
5,ISIN19876
0,ISIN19877
0,ISIN19878
0,ISIN19880
0,ISIN19881
0,ISIN19883
0,ISIN19884
10,ISIN19885
10,ISIN19886
0,ISIN19887
0,ISIN19888
0,ISIN19889
0,ISIN19892
6,ISIN19893
6,ISIN19894
6,ISIN19895
9,ISIN19896
0,ISIN19897
0,ISIN19898
10,ISIN19899
0,ISIN19900
0,ISIN19901
0,ISIN19902
0,ISIN19903
0,ISIN19904
0,ISIN19905
0,ISIN19906
0,ISIN19910
0,ISIN19911
0,ISIN19912
0,ISIN19914
12,ISIN19915
0,ISIN19918
0,ISIN19919
0,ISIN19920
0,ISIN19921
9,ISIN19922
0,ISIN19923
0,ISIN19924
0,ISIN19925
0,ISIN19926
13,ISIN19927
0,ISIN19928
0,ISIN19931
0,ISIN19932
11,ISIN19933
11,ISIN19938
0,ISIN19940
0,ISIN19942
6,ISIN19945
0,ISIN19948
0,ISIN19949
0,ISIN19950
0,ISIN19953
0,ISIN19955
0,ISIN19957
3,ISIN19959
0,ISIN19963
2,ISIN19965
0,ISIN19967
3,ISIN19970
0,ISIN19971
3,ISIN19972
5,ISIN19974
1,ISIN19976
3,ISIN19977
3,ISIN19978
3,ISIN19979
5,ISIN19982
0,ISIN19983
3,ISIN19984
3,ISIN19986
0,ISIN19993
0,ISIN19997
9,ISIN20001
0,ISIN20002
0,ISIN20003
0,ISIN20004
0,ISIN20005
0,ISIN20008
0,ISIN20011
0,ISIN20012
3,ISIN20013
1,ISIN20014
3,ISIN20015
0,ISIN20017
3,ISIN20018
0,ISIN20019
0,ISIN20021
3,ISIN20023
0,ISIN20024
11,ISIN20026
3,ISIN20027
3,ISIN20028
0,ISIN20030
3,ISIN20032
0,ISIN20034
0,ISIN20038
0,ISIN20040
0,ISIN20041
4,ISIN20043
0,ISIN20046
3,ISIN20048
0,ISIN20049
3,ISIN20050
4,ISIN20052
3,ISIN20053
0,ISIN20054
0,ISIN20056
1,ISIN20057
2,ISIN20060
3,ISIN20061
3,ISIN20064
0,ISIN20065
0,ISIN20066
0,ISIN20068
0,ISIN20069
3,ISIN20076
3,ISIN20077
1,ISIN20078
0,ISIN20082
11,ISIN20083
0,ISIN20084
0,ISIN20085
6,ISIN20088
3,ISIN20089
0,ISIN20091
3,ISIN20093
0,ISIN20094
3,ISIN20095
0,ISIN20096
0,ISIN20098
3,ISIN20102
0,ISIN20103
6,ISIN20105
0,ISIN20106
0,ISIN20108
0,ISIN20109
3,ISIN20110
0,ISIN20111
0,ISIN20112
3,ISIN20113
3,ISIN20114
0,ISIN20115
3,ISIN20116
3,ISIN20117
0,ISIN20118
0,ISIN20119
5,ISIN20120
0,ISIN20121
0,ISIN20125
3,ISIN20127
0,ISIN20128
3,ISIN20129
3,ISIN20132
0,ISIN20133
0,ISIN20136
0,ISIN20138
0,ISIN20140
3,ISIN20142
0,ISIN20144
0,ISIN20145
0,ISIN20146
0,ISIN20147
0,ISIN20148
0,ISIN20151
5,ISIN20152
11,ISIN20153
11,ISIN20154
3,ISIN20155
0,ISIN20156
3,ISIN20157
0,ISIN20160
3,ISIN20165
0,ISIN20167
0,ISIN20168
0,ISIN20171
0,ISIN20172
0,ISIN20175
,ISIN20176
